Workbook

Sheet summary 
A1: # | B1: Category | C1: Count
A2: 1 | B2: Bug | C2: =COUNTIF('Observations '!D2:D1000,"Bug") -> 16
A3: 2 | B3: Enhancement | C3: =COUNTIF('Observations '!D2:D1000,"Enhancements") -> 25
A4: 3 | B4: Enhancement (Productization) | C4: =COUNTIF('Observations '!D2:D1000,"Enahancement (Productization)") -> 16
A5: 4 | B5: Clarification | C5: =COUNTIF('Observations '!D2:D1000,"Clarification") -> 19
A6: 5 | B6: No Change Required | C6: =COUNTIF('Observations '!D2:D1000,"No Change Required") -> 4
A7: 6 | B7: Other / Misc (Purging, Archiving, Landscape, etc.) | C7: =C8-C2-C3-C4-C5-C6 -> 8
A8: GRAND TOTAL | C8: =COUNTA('Observations '!D2:D1000)-COUNTIF('Observations '!D2:D1000,"Category Bug/Productization/New/Edit/Bug") -> 88
A10: # | B10: Priority | C10: Bug | D10: Enhancement | E10: Enh. (Productization) | F10: Clarification | G10: No Change Req. | H10: Other/Misc | I10: TOTAL
A11: 1 | B11: High | C11: 11 | D11: 10 | E11: 4 | F11: 0 | G11: 0 | H11: 2 | I11: 27
A12: 2 | B12: Medium | C12: 1 | D12: 10 | E12: 1 | F12: 0 | G12: 0 | H12: 1 | I12: 13
A13: 3 | B13: Low | C13: 2 | D13: 5 | E13: 10 | F13: 0 | G13: 0 | H13: 0 | I13: 17
A14: 4 | B14: NA / Blank | C14: 2 | D14: 0 | E14: 1 | F14: 19 | G14: 4 | H14: 5 | I14: 31
B15: TOTAL | C15: 16 | D15: 25 | E15: 16 | F15: 19 | G15: 4 | H15: 8 | I15: 88
A17: # | B17: Status | C17: Bug | D17: Enhancement | E17: Enh. (Productization) | F17: Clarification | G17: No Change Req. | H17: Other/Misc | I17: TOTAL
A18: 1 | B18: To Be Taken Up | C18: =COUNTIFS('Observations '!D2:D1000,"Bug",'Observations '!M2:M1000,"To be taken up")+COUNTIFS('Observations '!D2:D1000,"Bug",'Observations '!M2:M1000,"To be discussed and taken up")+COUNTIFS('Observations '!D2:D1000,"Bug",'Observations '!M2:M1000,"To be taken up after the collection of probable vendor names")+COUNTIFS('Observations '!D2:D1000,"Bug",'Observations '!M2:M1000,"To be done as a another asset type") -> 15 | D18: =COUNTIFS('Observations '!D2:D1000,"Enhancements",'Observations '!M2:M1000,"To be taken up")+COUNTIFS('Observations '!D2:D1000,"Enhancements",'Observations '!M2:M1000,"To be discussed and taken up")+COUNTIFS('Observations '!D2:D1000,"Enhancements",'Observations '!M2:M1000,"To be taken up after the collection of probable vendor names")+COUNTIFS('Observations '!D2:D1000,"Enhancements",'Observations '!M2:M1000,"To be done as a another asset type") -> 13 | E18: =COUNTIFS('Observations '!D2:D1000,"Enahancement (Productization)",'Observations '!M2:M1000,"To be taken up")+COUNTIFS('Observations '!D2:D1000,"Enahancement (Productization)",'Observations '!M2:M1000,"To be discussed and taken up")+COUNTIFS('Observations '!D2:D1000,"Enahancement (Productization)",'Observations '!M2:M1000,"To be taken up after the collection of probable vendor names")+COUNTIFS('Observations '!D2:D1000,"Enahancement (Productization)",'Observations '!M2:M1000,"To be done as a another asset type") -> 5 | F18: =COUNTIFS('Observations '!D2:D1000,"Clarification",'Observations '!M2:M1000,"To be taken up")+COUNTIFS('Observations '!D2:D1000,"Clarification",'Observations '!M2:M1000,"To be discussed and taken up")+COUNTIFS('Observations '!D2:D1000,"Clarification",'Observations '!M2:M1000,"To be taken up after the collection of probable vendor names")+COUNTIFS('Observations '!D2:D1000,"Clarification",'Observations '!M2:M1000,"To be done as a another asset type") -> 0 | G18: =COUNTIFS('Observations '!D2:D1000,"No Change Required",'Observations '!M2:M1000,"To be taken up")+COUNTIFS('Observations '!D2:D1000,"No Change Required",'Observations '!M2:M1000,"To be discussed and taken up")+COUNTIFS('Observations '!D2:D1000,"No Change Required",'Observations '!M2:M1000,"To be taken up after the collection of probable vendor names")+COUNTIFS('Observations '!D2:D1000,"No Change Required",'Observations '!M2:M1000,"To be done as a another asset type") -> 0 | H18: =COUNTIF('Observations '!M2:M1000,"To be taken up")+COUNTIF('Observations '!M2:M1000,"To be discussed and taken up")+COUNTIF('Observations '!M2:M1000,"To be taken up after the collection of probable vendor names")+COUNTIF('Observations '!M2:M1000,"To be done as a another asset type")-COUNTIFS('Observations '!D2:D1000,"Bug",'Observations '!M2:M1000,"To be taken up")-COUNTIFS('Observations '!D2:D1000,"Bug",'Observations '!M2:M1000,"To be discussed and taken up")-COUNTIFS('Observations '!D2:D1000,"Bug",'Observations '!M2:M1000,"To be taken up after the collection of probable vendor names")-COUNTIFS('Observations '!D2:D1000,"Bug",'Observations '!M2:M1000,"To be done as a another asset type")-COUNTIFS('Observations '!D2:D1000,"Enhancements",'Observations '!M2:M1000,"To be taken up")-COUNTIFS('Observations '!D2:D1000,"Enhancements",'Observations '!M2:M1000,"To be discussed and taken up")-COUNTIFS('Observations '!D2:D1000,"Enhancements",'Observations '!M2:M1000,"To be taken up after the collection of probable vendor names")-COUNTIFS('Observations '!D2:D1000,"Enhancements",'Observations '!M2:M1000,"To be done as a another asset type")-COUNTIFS('Observations '!D2:D1000,"Enahancement (Productization)",'Observations '!M2:M1000,"To be taken up")-COUNTIFS('Observations '!D2:D1000,"Enahancement (Productization)",'Observations '!M2:M1000,"To be discussed and taken up")-COUNTIFS('Observations '!D2:D1000,"Enahancement (Productization)",'Observations '!M2:M1000,"To be taken up after the collection of probable vendor names")-COUNTIFS('Observations '!D2:D1000,"Enahancement (Productization)",'Observations '!M2:M1000,"To be done as a another asset type")-COUNTIFS('Observations '!D2:D1000,"Clarification",'Observations '!M2:M1000,"To be taken up")-COUNTIFS('Observations '!D2:D1000,"Clarification",'Observations '!M2:M1000,"To be discussed and taken up")-COUNTIFS('Observations '!D2:D1000,"Clarification",'Observations '!M2:M1000,"To be taken up after the collection of probable vendor names")-COUNTIFS('Observations '!D2:D1000,"Clarification",'Observations '!M2:M1000,"To be done as a another asset type")-COUNTIFS('Observations '!D2:D1000,"No Change Required",'Observations '!M2:M1000,"To be taken up")-COUNTIFS('Observations '!D2:D1000,"No Change Required",'Observations '!M2:M1000,"To be discussed and taken up")-COUNTIFS('Observations '!D2:D1000,"No Change Required",'Observations '!M2:M1000,"To be taken up after the collection of probable vendor names")-COUNTIFS('Observations '!D2:D1000,"No Change Required",'Observations '!M2:M1000,"To be done as a another asset type") -> 1 | I18: =C18+D18+E18+F18+G18+H18 -> 34
A19: 2 | B19: WIP | C19: =COUNTIFS('Observations '!D2:D1000,"Bug",'Observations '!M2:M1000,"WIP") -> 0 | D19: =COUNTIFS('Observations '!D2:D1000,"Enhancements",'Observations '!M2:M1000,"WIP") -> 4 | E19: =COUNTIFS('Observations '!D2:D1000,"Enahancement (Productization)",'Observations '!M2:M1000,"WIP") -> 4 | F19: =COUNTIFS('Observations '!D2:D1000,"Clarification",'Observations '!M2:M1000,"WIP") -> 0 | G19: =COUNTIFS('Observations '!D2:D1000,"No Change Required",'Observations '!M2:M1000,"WIP") -> 1 | H19: =COUNTIF('Observations '!M2:M1000,"WIP")-COUNTIFS('Observations '!D2:D1000,"Bug",'Observations '!M2:M1000,"WIP")-COUNTIFS('Observations '!D2:D1000,"Enhancements",'Observations '!M2:M1000,"WIP")-COUNTIFS('Observations '!D2:D1000,"Enahancement (Productization)",'Observations '!M2:M1000,"WIP")-COUNTIFS('Observations '!D2:D1000,"Clarification",'Observations '!M2:M1000,"WIP")-COUNTIFS('Observations '!D2:D1000,"No Change Required",'Observations '!M2:M1000,"WIP") -> 0 | I19: =C19+D19+E19+F19+G19+H19 -> 9
A20: 3 | B20: Closed | C20: =COUNTIFS('Observations '!D2:D1000,"Bug",'Observations '!M2:M1000,"Closed") -> 0 | D20: =COUNTIFS('Observations '!D2:D1000,"Enhancements",'Observations '!M2:M1000,"Closed") -> 1 | E20: =COUNTIFS('Observations '!D2:D1000,"Enahancement (Productization)",'Observations '!M2:M1000,"Closed") -> 0 | F20: =COUNTIFS('Observations '!D2:D1000,"Clarification",'Observations '!M2:M1000,"Closed") -> 16 | G20: =COUNTIFS('Observations '!D2:D1000,"No Change Required",'Observations '!M2:M1000,"Closed") -> 3 | H20: =COUNTIF('Observations '!M2:M1000,"Closed")-COUNTIFS('Observations '!D2:D1000,"Bug",'Observations '!M2:M1000,"Closed")-COUNTIFS('Observations '!D2:D1000,"Enhancements",'Observations '!M2:M1000,"Closed")-COUNTIFS('Observations '!D2:D1000,"Enahancement (Productization)",'Observations '!M2:M1000,"Closed")-COUNTIFS('Observations '!D2:D1000,"Clarification",'Observations '!M2:M1000,"Closed")-COUNTIFS('Observations '!D2:D1000,"No Change Required",'Observations '!M2:M1000,"Closed") -> 0 | I20: =C20+D20+E20+F20+G20+H20 -> 20
A21: 4 | B21: Need to Study/Analyze | C21: =COUNTIFS('Observations '!D2:D1000,"Bug",'Observations '!M2:M1000,"Need to study")+COUNTIFS('Observations '!D2:D1000,"Bug",'Observations '!M2:M1000,"To be studied")+COUNTIFS('Observations '!D2:D1000,"Bug",'Observations '!M2:M1000,"To be studied further")+COUNTIFS('Observations '!D2:D1000,"Bug",'Observations '!M2:M1000,"To be analyzed")+COUNTIFS('Observations '!D2:D1000,"Bug",'Observations '!M2:M1000,"To be analyzed the impact and feasibility")+COUNTIFS('Observations '!D2:D1000,"Bug",'Observations '!M2:M1000,"To be studied and add ational things prior to implementation") -> 1 | D21: =COUNTIFS('Observations '!D2:D1000,"Enhancements",'Observations '!M2:M1000,"Need to study")+COUNTIFS('Observations '!D2:D1000,"Enhancements",'Observations '!M2:M1000,"To be studied")+COUNTIFS('Observations '!D2:D1000,"Enhancements",'Observations '!M2:M1000,"To be studied further")+COUNTIFS('Observations '!D2:D1000,"Enhancements",'Observations '!M2:M1000,"To be analyzed")+COUNTIFS('Observations '!D2:D1000,"Enhancements",'Observations '!M2:M1000,"To be analyzed the impact and feasibility")+COUNTIFS('Observations '!D2:D1000,"Enhancements",'Observations '!M2:M1000,"To be studied and add ational things prior to implementation") -> 7 | E21: =COUNTIFS('Observations '!D2:D1000,"Enahancement (Productization)",'Observations '!M2:M1000,"Need to study")+COUNTIFS('Observations '!D2:D1000,"Enahancement (Productization)",'Observations '!M2:M1000,"To be studied")+COUNTIFS('Observations '!D2:D1000,"Enahancement (Productization)",'Observations '!M2:M1000,"To be studied further")+COUNTIFS('Observations '!D2:D1000,"Enahancement (Productization)",'Observations '!M2:M1000,"To be analyzed")+COUNTIFS('Observations '!D2:D1000,"Enahancement (Productization)",'Observations '!M2:M1000,"To be analyzed the impact and feasibility")+COUNTIFS('Observations '!D2:D1000,"Enahancement (Productization)",'Observations '!M2:M1000,"To be studied and add ational things prior to implementation") -> 6 | F21: =COUNTIFS('Observations '!D2:D1000,"Clarification",'Observations '!M2:M1000,"Need to study")+COUNTIFS('Observations '!D2:D1000,"Clarification",'Observations '!M2:M1000,"To be studied")+COUNTIFS('Observations '!D2:D1000,"Clarification",'Observations '!M2:M1000,"To be studied further")+COUNTIFS('Observations '!D2:D1000,"Clarification",'Observations '!M2:M1000,"To be analyzed")+COUNTIFS('Observations '!D2:D1000,"Clarification",'Observations '!M2:M1000,"To be analyzed the impact and feasibility")+COUNTIFS('Observations '!D2:D1000,"Clarification",'Observations '!M2:M1000,"To be studied and add ational things prior to implementation") -> 2 | G21: =COUNTIFS('Observations '!D2:D1000,"No Change Required",'Observations '!M2:M1000,"Need to study")+COUNTIFS('Observations '!D2:D1000,"No Change Required",'Observations '!M2:M1000,"To be studied")+COUNTIFS('Observations '!D2:D1000,"No Change Required",'Observations '!M2:M1000,"To be studied further")+COUNTIFS('Observations '!D2:D1000,"No Change Required",'Observations '!M2:M1000,"To be analyzed")+COUNTIFS('Observations '!D2:D1000,"No Change Required",'Observations '!M2:M1000,"To be analyzed the impact and feasibility")+COUNTIFS('Observations '!D2:D1000,"No Change Required",'Observations '!M2:M1000,"To be studied and add ational things prior to implementation") -> 0 | H21: =COUNTIF('Observations '!M2:M1000,"Need to study")+COUNTIF('Observations '!M2:M1000,"To be studied")+COUNTIF('Observations '!M2:M1000,"To be studied further")+COUNTIF('Observations '!M2:M1000,"To be analyzed")+COUNTIF('Observations '!M2:M1000,"To be analyzed the impact and feasibility")+COUNTIF('Observations '!M2:M1000,"To be studied and add ational things prior to implementation")-COUNTIFS('Observations '!D2:D1000,"Bug",'Observations '!M2:M1000,"Need to study")-COUNTIFS('Observations '!D2:D1000,"Bug",'Observations '!M2:M1000,"To be studied")-COUNTIFS('Observations '!D2:D1000,"Bug",'Observations '!M2:M1000,"To be studied further")-COUNTIFS('Observations '!D2:D1000,"Bug",'Observations '!M2:M1000,"To be analyzed")-COUNTIFS('Observations '!D2:D1000,"Bug",'Observations '!M2:M1000,"To be analyzed the impact and feasibility")-COUNTIFS('Observations '!D2:D1000,"Bug",'Observations '!M2:M1000,"To be studied and add ational things prior to implementation")-COUNTIFS('Observations '!D2:D1000,"Enhancements",'Observations '!M2:M1000,"Need to study")-COUNTIFS('Observations '!D2:D1000,"Enhancements",'Observations '!M2:M1000,"To be studied")-COUNTIFS('Observations '!D2:D1000,"Enhancements",'Observations '!M2:M1000,"To be studied further")-COUNTIFS('Observations '!D2:D1000,"Enhancements",'Observations '!M2:M1000,"To be analyzed")-COUNTIFS('Observations '!D2:D1000,"Enhancements",'Observations '!M2:M1000,"To be analyzed the impact and feasibility")-COUNTIFS('Observations '!D2:D1000,"Enhancements",'Observations '!M2:M1000,"To be studied and add ational things prior to implementation")-COUNTIFS('Observations '!D2:D1000,"Enahancement (Productization)",'Observations '!M2:M1000,"Need to study")-COUNTIFS('Observations '!D2:D1000,"Enahancement (Productization)",'Observations '!M2:M1000,"To be studied")-COUNTIFS('Observations '!D2:D1000,"Enahancement (Productization)",'Observations '!M2:M1000,"To be studied further")-COUNTIFS('Observations '!D2:D1000,"Enahancement (Productization)",'Observations '!M2:M1000,"To be analyzed")-COUNTIFS('Observations '!D2:D1000,"Enahancement (Productization)",'Observations '!M2:M1000,"To be analyzed the impact and feasibility")-COUNTIFS('Observations '!D2:D1000,"Enahancement (Productization)",'Observations '!M2:M1000,"To be studied and add ational things prior to implementation")-COUNTIFS('Observations '!D2:D1000,"Clarification",'Observations '!M2:M1000,"Need to study")-COUNTIFS('Observations '!D2:D1000,"Clarification",'Observations '!M2:M1000,"To be studied")-COUNTIFS('Observations '!D2:D1000,"Clarification",'Observations '!M2:M1000,"To be studied further")-COUNTIFS('Observations '!D2:D1000,"Clarification",'Observations '!M2:M1000,"To be analyzed")-COUNTIFS('Observations '!D2:D1000,"Clarification",'Observations '!M2:M1000,"To be analyzed the impact and feasibility")-COUNTIFS('Observations '!D2:D1000,"Clarification",'Observations '!M2:M1000,"To be studied and add ational things prior to implementation")-COUNTIFS('Observations '!D2:D1000,"No Change Required",'Observations '!M2:M1000,"Need to study")-COUNTIFS('Observations '!D2:D1000,"No Change Required",'Observations '!M2:M1000,"To be studied")-COUNTIFS('Observations '!D2:D1000,"No Change Required",'Observations '!M2:M1000,"To be studied further")-COUNTIFS('Observations '!D2:D1000,"No Change Required",'Observations '!M2:M1000,"To be analyzed")-COUNTIFS('Observations '!D2:D1000,"No Change Required",'Observations '!M2:M1000,"To be analyzed the impact and feasibility")-COUNTIFS('Observations '!D2:D1000,"No Change Required",'Observations '!M2:M1000,"To be studied and add ational things prior to implementation") -> 0 | I21: =C21+D21+E21+F21+G21+H21 -> 16
A22: 5 | B22: To Be Done | C22: =COUNTIFS('Observations '!D2:D1000,"Bug",'Observations '!M2:M1000,"To be done as a another asset type") -> 0 | D22: =COUNTIFS('Observations '!D2:D1000,"Enhancements",'Observations '!M2:M1000,"To be done as a another asset type") -> 0 | E22: =COUNTIFS('Observations '!D2:D1000,"Enahancement (Productization)",'Observations '!M2:M1000,"To be done as a another asset type") -> 4 | F22: =COUNTIFS('Observations '!D2:D1000,"Clarification",'Observations '!M2:M1000,"To be done as a another asset type") -> 0 | G22: =COUNTIFS('Observations '!D2:D1000,"No Change Required",'Observations '!M2:M1000,"To be done as a another asset type") -> 0 | H22: =COUNTIF('Observations '!M2:M1000,"To be done as a another asset type")-COUNTIFS('Observations '!D2:D1000,"Bug",'Observations '!M2:M1000,"To be done as a another asset type")-COUNTIFS('Observations '!D2:D1000,"Enhancements",'Observations '!M2:M1000,"To be done as a another asset type")-COUNTIFS('Observations '!D2:D1000,"Enahancement (Productization)",'Observations '!M2:M1000,"To be done as a another asset type")-COUNTIFS('Observations '!D2:D1000,"Clarification",'Observations '!M2:M1000,"To be done as a another asset type")-COUNTIFS('Observations '!D2:D1000,"No Change Required",'Observations '!M2:M1000,"To be done as a another asset type") -> 0 | I22: =C22+D22+E22+F22+G22+H22 -> 4
A23: 6 | B23: To Be Tested | C23: =COUNTIFS('Observations '!D2:D1000,"Bug",'Observations '!M2:M1000,"TO be Tested") -> 0 | D23: =COUNTIFS('Observations '!D2:D1000,"Enhancements",'Observations '!M2:M1000,"TO be Tested") -> 0 | E23: =COUNTIFS('Observations '!D2:D1000,"Enahancement (Productization)",'Observations '!M2:M1000,"TO be Tested") -> 0 | F23: =COUNTIFS('Observations '!D2:D1000,"Clarification",'Observations '!M2:M1000,"TO be Tested") -> 0 | G23: =COUNTIFS('Observations '!D2:D1000,"No Change Required",'Observations '!M2:M1000,"TO be Tested") -> 0 | H23: =COUNTIF('Observations '!M2:M1000,"TO be Tested")-COUNTIFS('Observations '!D2:D1000,"Bug",'Observations '!M2:M1000,"TO be Tested")-COUNTIFS('Observations '!D2:D1000,"Enhancements",'Observations '!M2:M1000,"TO be Tested")-COUNTIFS('Observations '!D2:D1000,"Enahancement (Productization)",'Observations '!M2:M1000,"TO be Tested")-COUNTIFS('Observations '!D2:D1000,"Clarification",'Observations '!M2:M1000,"TO be Tested")-COUNTIFS('Observations '!D2:D1000,"No Change Required",'Observations '!M2:M1000,"TO be Tested") -> 2 | I23: =C23+D23+E23+F23+G23+H23 -> 2
A24: 7 | B24: Repeated | C24: =COUNTIFS('Observations '!D2:D1000,"Bug",'Observations '!M2:M1000,"Repeated") -> 0 | D24: =COUNTIFS('Observations '!D2:D1000,"Enhancements",'Observations '!M2:M1000,"Repeated") -> 0 | E24: =COUNTIFS('Observations '!D2:D1000,"Enahancement (Productization)",'Observations '!M2:M1000,"Repeated") -> 1 | F24: =COUNTIFS('Observations '!D2:D1000,"Clarification",'Observations '!M2:M1000,"Repeated") -> 0 | G24: =COUNTIFS('Observations '!D2:D1000,"No Change Required",'Observations '!M2:M1000,"Repeated") -> 0 | H24: =COUNTIF('Observations '!M2:M1000,"Repeated")-COUNTIFS('Observations '!D2:D1000,"Bug",'Observations '!M2:M1000,"Repeated")-COUNTIFS('Observations '!D2:D1000,"Enhancements",'Observations '!M2:M1000,"Repeated")-COUNTIFS('Observations '!D2:D1000,"Enahancement (Productization)",'Observations '!M2:M1000,"Repeated")-COUNTIFS('Observations '!D2:D1000,"Clarification",'Observations '!M2:M1000,"Repeated")-COUNTIFS('Observations '!D2:D1000,"No Change Required",'Observations '!M2:M1000,"Repeated") -> 0 | I24: =C24+D24+E24+F24+G24+H24 -> 1
A25: 8 | B25: Not Yet Finalized | C25: =COUNTIFS('Observations '!D2:D1000,"Bug",'Observations '!M2:M1000,"Requirements not yet Finalised") -> 0 | D25: =COUNTIFS('Observations '!D2:D1000,"Enhancements",'Observations '!M2:M1000,"Requirements not yet Finalised") -> 0 | E25: =COUNTIFS('Observations '!D2:D1000,"Enahancement (Productization)",'Observations '!M2:M1000,"Requirements not yet Finalised") -> 0 | F25: =COUNTIFS('Observations '!D2:D1000,"Clarification",'Observations '!M2:M1000,"Requirements not yet Finalised") -> 0 | G25: =COUNTIFS('Observations '!D2:D1000,"No Change Required",'Observations '!M2:M1000,"Requirements not yet Finalised") -> 0 | H25: =COUNTIF('Observations '!M2:M1000,"Requirements not yet Finalised")-COUNTIFS('Observations '!D2:D1000,"Bug",'Observations '!M2:M1000,"Requirements not yet Finalised")-COUNTIFS('Observations '!D2:D1000,"Enhancements",'Observations '!M2:M1000,"Requirements not yet Finalised")-COUNTIFS('Observations '!D2:D1000,"Enahancement (Productization)",'Observations '!M2:M1000,"Requirements not yet Finalised")-COUNTIFS('Observations '!D2:D1000,"Clarification",'Observations '!M2:M1000,"Requirements not yet Finalised")-COUNTIFS('Observations '!D2:D1000,"No Change Required",'Observations '!M2:M1000,"Requirements not yet Finalised") -> 2 | I25: =C25+D25+E25+F25+G25+H25 -> 2
B26: TOTAL | C26: =SUM(C18:C25) -> 16 | D26: =SUM(D18:D25) -> 25 | E26: =SUM(E18:E25) -> 20 | F26: =SUM(F18:F25) -> 18 | G26: =SUM(G18:G25) -> 4 | H26: =SUM(H18:H25) -> 5 | I26: =SUM(I18:I25) -> 88

Sheet summ
B2: Criteria → | E2: Bug | F2: Enhancements | G2: Clarification | I2: High | J2: Low | K2: Medium
F3: Enahancement (Productization) | I3: HIGH | J3: LOW
E4: =SUM(E6:E51) -> 17 | F4: =SUM(F6:F51) -> 55 | G4: =SUM(G6:G51) -> 31 | H4: =SUM(H6:H51) -> 18 | I4: =SUM(I6:I51) -> 60 | J4: =SUM(J6:J51) -> 46 | K4: =SUM(K6:K51) -> 17
B5: S.No | C5: Menu Item | D5: Sub Menu Item | E5: BUG | F5: ENHANCEMENT | G5: CLARIFICATION | H5: OTHERS | I5: HIGH | J5: LOW | K5: MEDIUM | L5: TOTAL
A6: DB | B6: 1 | C6: Dashboard | D6: SR | E6: =COUNTIFS('Observations '!$G:$G,"*"&C6&"*",'Observations '!$H:$H,IF(D6="","",D6),'Observations '!$D:$D,$E$2) -> 1 | F6: =COUNTIFS('Observations '!$G:$G,"*"&C6&"*",'Observations '!$H:$H,IF(D6="","",D6),'Observations '!$D:$D,$F$2)+COUNTIFS('Observations '!$G:$G,"*"&C6&"*",'Observations '!$H:$H,IF(D6="","",D6),'Observations '!$D:$D,$F$3) -> 0 | G6: =COUNTIFS('Observations '!$G:$G,"*"&C6&"*",'Observations '!$H:$H,IF(D6="","",D6),'Observations '!$D:$D,$G$2) -> 0 | H6: =L6-E6-F6-G6 -> 1 | I6: =COUNTIFS('Observations '!$G:$G,"*"&C6&"*",'Observations '!$H:$H,IF(D6="","",D6),'Observations '!$E:$E,$I$2)+COUNTIFS('Observations '!$G:$G,"*"&C6&"*",'Observations '!$H:$H,IF(D6="","",D6),'Observations '!$E:$E,$I$3) -> 0 | J6: =COUNTIFS('Observations '!$G:$G,"*"&C6&"*",'Observations '!$H:$H,IF(D6="","",D6),'Observations '!$E:$E,$J$2)+COUNTIFS('Observations '!$G:$G,"*"&C6&"*",'Observations '!$H:$H,IF(D6="","",D6),'Observations '!$E:$E,$J$3) -> 2 | K6: =COUNTIFS('Observations '!$G:$G,"*"&C6&"*",'Observations '!$H:$H,IF(D6="","",D6),'Observations '!$E:$E,$K$2) -> 0 | L6: =SUM(I6:K6) -> 2
A7: DB | B7: 2 | C7: Dashboard | D7: PTW | E7: =COUNTIFS('Observations '!$G:$G,"*"&C7&"*",'Observations '!$H:$H,IF(D7="","",D7),'Observations '!$D:$D,$E$2) -> 1 | F7: =COUNTIFS('Observations '!$G:$G,"*"&C7&"*",'Observations '!$H:$H,IF(D7="","",D7),'Observations '!$D:$D,$F$2)+COUNTIFS('Observations '!$G:$G,"*"&C7&"*",'Observations '!$H:$H,IF(D7="","",D7),'Observations '!$D:$D,$F$3) -> 0 | G7: =COUNTIFS('Observations '!$G:$G,"*"&C7&"*",'Observations '!$H:$H,IF(D7="","",D7),'Observations '!$D:$D,$G$2) -> 0 | H7: =L7-E7-F7-G7 -> 1 | I7: =COUNTIFS('Observations '!$G:$G,"*"&C7&"*",'Observations '!$H:$H,IF(D7="","",D7),'Observations '!$E:$E,$I$2)+COUNTIFS('Observations '!$G:$G,"*"&C7&"*",'Observations '!$H:$H,IF(D7="","",D7),'Observations '!$E:$E,$I$3) -> 2 | J7: =COUNTIFS('Observations '!$G:$G,"*"&C7&"*",'Observations '!$H:$H,IF(D7="","",D7),'Observations '!$E:$E,$J$2)+COUNTIFS('Observations '!$G:$G,"*"&C7&"*",'Observations '!$H:$H,IF(D7="","",D7),'Observations '!$E:$E,$J$3) -> 0 | K7: =COUNTIFS('Observations '!$G:$G,"*"&C7&"*",'Observations '!$H:$H,IF(D7="","",D7),'Observations '!$E:$E,$K$2) -> 0 | L7: =SUM(I7:K7) -> 2
A8: DB | B8: 3 | C8: Dashboard | D8: UES | E8: =COUNTIFS('Observations '!$G:$G,"*"&C8&"*",'Observations '!$H:$H,IF(D8="","",D8),'Observations '!$D:$D,$E$2) -> 1 | F8: =COUNTIFS('Observations '!$G:$G,"*"&C8&"*",'Observations '!$H:$H,IF(D8="","",D8),'Observations '!$D:$D,$F$2)+COUNTIFS('Observations '!$G:$G,"*"&C8&"*",'Observations '!$H:$H,IF(D8="","",D8),'Observations '!$D:$D,$F$3) -> 1 | G8: =COUNTIFS('Observations '!$G:$G,"*"&C8&"*",'Observations '!$H:$H,IF(D8="","",D8),'Observations '!$D:$D,$G$2) -> 1 | H8: =L8-E8-F8-G8 -> 1 | I8: =COUNTIFS('Observations '!$G:$G,"*"&C8&"*",'Observations '!$H:$H,IF(D8="","",D8),'Observations '!$E:$E,$I$2)+COUNTIFS('Observations '!$G:$G,"*"&C8&"*",'Observations '!$H:$H,IF(D8="","",D8),'Observations '!$E:$E,$I$3) -> 2 | J8: =COUNTIFS('Observations '!$G:$G,"*"&C8&"*",'Observations '!$H:$H,IF(D8="","",D8),'Observations '!$E:$E,$J$2)+COUNTIFS('Observations '!$G:$G,"*"&C8&"*",'Observations '!$H:$H,IF(D8="","",D8),'Observations '!$E:$E,$J$3) -> 2 | K8: =COUNTIFS('Observations '!$G:$G,"*"&C8&"*",'Observations '!$H:$H,IF(D8="","",D8),'Observations '!$E:$E,$K$2) -> 0 | L8: =SUM(I8:K8) -> 4
A9: Meter | B9: 4 | C9: Maintenance Shop | D9: Meter Rollovers | E9: =COUNTIFS('Observations '!$G:$G,"*"&C9&"*",'Observations '!$H:$H,IF(D9="","",D9),'Observations '!$D:$D,$E$2) -> 1 | F9: =COUNTIFS('Observations '!$G:$G,"*"&C9&"*",'Observations '!$H:$H,IF(D9="","",D9),'Observations '!$D:$D,$F$2)+COUNTIFS('Observations '!$G:$G,"*"&C9&"*",'Observations '!$H:$H,IF(D9="","",D9),'Observations '!$D:$D,$F$3) -> 0 | G9: =COUNTIFS('Observations '!$G:$G,"*"&C9&"*",'Observations '!$H:$H,IF(D9="","",D9),'Observations '!$D:$D,$G$2) -> 0 | H9: =L9-E9-F9-G9 -> 1 | I9: =COUNTIFS('Observations '!$G:$G,"*"&C9&"*",'Observations '!$H:$H,IF(D9="","",D9),'Observations '!$E:$E,$I$2)+COUNTIFS('Observations '!$G:$G,"*"&C9&"*",'Observations '!$H:$H,IF(D9="","",D9),'Observations '!$E:$E,$I$3) -> 2 | J9: =COUNTIFS('Observations '!$G:$G,"*"&C9&"*",'Observations '!$H:$H,IF(D9="","",D9),'Observations '!$E:$E,$J$2)+COUNTIFS('Observations '!$G:$G,"*"&C9&"*",'Observations '!$H:$H,IF(D9="","",D9),'Observations '!$E:$E,$J$3) -> 0 | K9: =COUNTIFS('Observations '!$G:$G,"*"&C9&"*",'Observations '!$H:$H,IF(D9="","",D9),'Observations '!$E:$E,$K$2) -> 0 | L9: =SUM(I9:K9) -> 2
A10: Meter | B10: 5 | C10: Maintenance Shop | D10: Meter Replacements | E10: =COUNTIFS('Observations '!$G:$G,"*"&C10&"*",'Observations '!$H:$H,IF(D10="","",D10),'Observations '!$D:$D,$E$2) -> 1 | F10: =COUNTIFS('Observations '!$G:$G,"*"&C10&"*",'Observations '!$H:$H,IF(D10="","",D10),'Observations '!$D:$D,$F$2)+COUNTIFS('Observations '!$G:$G,"*"&C10&"*",'Observations '!$H:$H,IF(D10="","",D10),'Observations '!$D:$D,$F$3) -> 0 | G10: =COUNTIFS('Observations '!$G:$G,"*"&C10&"*",'Observations '!$H:$H,IF(D10="","",D10),'Observations '!$D:$D,$G$2) -> 0 | H10: =L10-E10-F10-G10 -> 1 | I10: =COUNTIFS('Observations '!$G:$G,"*"&C10&"*",'Observations '!$H:$H,IF(D10="","",D10),'Observations '!$E:$E,$I$2)+COUNTIFS('Observations '!$G:$G,"*"&C10&"*",'Observations '!$H:$H,IF(D10="","",D10),'Observations '!$E:$E,$I$3) -> 2 | J10: =COUNTIFS('Observations '!$G:$G,"*"&C10&"*",'Observations '!$H:$H,IF(D10="","",D10),'Observations '!$E:$E,$J$2)+COUNTIFS('Observations '!$G:$G,"*"&C10&"*",'Observations '!$H:$H,IF(D10="","",D10),'Observations '!$E:$E,$J$3) -> 0 | K10: =COUNTIFS('Observations '!$G:$G,"*"&C10&"*",'Observations '!$H:$H,IF(D10="","",D10),'Observations '!$E:$E,$K$2) -> 0 | L10: =SUM(I10:K10) -> 2
A11: Meter | B11: 6 | C11: Maintenance Shop | D11: Meter replacement | E11: =COUNTIFS('Observations '!$G:$G,"*"&C11&"*",'Observations '!$H:$H,IF(D11="","",D11),'Observations '!$D:$D,$E$2) -> 1 | F11: =COUNTIFS('Observations '!$G:$G,"*"&C11&"*",'Observations '!$H:$H,IF(D11="","",D11),'Observations '!$D:$D,$F$2)+COUNTIFS('Observations '!$G:$G,"*"&C11&"*",'Observations '!$H:$H,IF(D11="","",D11),'Observations '!$D:$D,$F$3) -> 0 | G11: =COUNTIFS('Observations '!$G:$G,"*"&C11&"*",'Observations '!$H:$H,IF(D11="","",D11),'Observations '!$D:$D,$G$2) -> 0 | H11: =L11-E11-F11-G11 -> 1 | I11: =COUNTIFS('Observations '!$G:$G,"*"&C11&"*",'Observations '!$H:$H,IF(D11="","",D11),'Observations '!$E:$E,$I$2)+COUNTIFS('Observations '!$G:$G,"*"&C11&"*",'Observations '!$H:$H,IF(D11="","",D11),'Observations '!$E:$E,$I$3) -> 2 | J11: =COUNTIFS('Observations '!$G:$G,"*"&C11&"*",'Observations '!$H:$H,IF(D11="","",D11),'Observations '!$E:$E,$J$2)+COUNTIFS('Observations '!$G:$G,"*"&C11&"*",'Observations '!$H:$H,IF(D11="","",D11),'Observations '!$E:$E,$J$3) -> 0 | K11: =COUNTIFS('Observations '!$G:$G,"*"&C11&"*",'Observations '!$H:$H,IF(D11="","",D11),'Observations '!$E:$E,$K$2) -> 0 | L11: =SUM(I11:K11) -> 2
A12: Meter | B12: 7 | C12: Maintenance Shop | D12: Meter rollover | E12: =COUNTIFS('Observations '!$G:$G,"*"&C12&"*",'Observations '!$H:$H,IF(D12="","",D12),'Observations '!$D:$D,$E$2) -> 1 | F12: =COUNTIFS('Observations '!$G:$G,"*"&C12&"*",'Observations '!$H:$H,IF(D12="","",D12),'Observations '!$D:$D,$F$2)+COUNTIFS('Observations '!$G:$G,"*"&C12&"*",'Observations '!$H:$H,IF(D12="","",D12),'Observations '!$D:$D,$F$3) -> 0 | G12: =COUNTIFS('Observations '!$G:$G,"*"&C12&"*",'Observations '!$H:$H,IF(D12="","",D12),'Observations '!$D:$D,$G$2) -> 0 | H12: =L12-E12-F12-G12 -> 1 | I12: =COUNTIFS('Observations '!$G:$G,"*"&C12&"*",'Observations '!$H:$H,IF(D12="","",D12),'Observations '!$E:$E,$I$2)+COUNTIFS('Observations '!$G:$G,"*"&C12&"*",'Observations '!$H:$H,IF(D12="","",D12),'Observations '!$E:$E,$I$3) -> 2 | J12: =COUNTIFS('Observations '!$G:$G,"*"&C12&"*",'Observations '!$H:$H,IF(D12="","",D12),'Observations '!$E:$E,$J$2)+COUNTIFS('Observations '!$G:$G,"*"&C12&"*",'Observations '!$H:$H,IF(D12="","",D12),'Observations '!$E:$E,$J$3) -> 0 | K12: =COUNTIFS('Observations '!$G:$G,"*"&C12&"*",'Observations '!$H:$H,IF(D12="","",D12),'Observations '!$E:$E,$K$2) -> 0 | L12: =SUM(I12:K12) -> 2
A13: WF | B13: 8 | C13: Scheduled jobs | D13: Work orders | E13: =COUNTIFS('Observations '!$G:$G,"*"&C13&"*",'Observations '!$H:$H,IF(D13="","",D13),'Observations '!$D:$D,$E$2) -> 1 | F13: =COUNTIFS('Observations '!$G:$G,"*"&C13&"*",'Observations '!$H:$H,IF(D13="","",D13),'Observations '!$D:$D,$F$2)+COUNTIFS('Observations '!$G:$G,"*"&C13&"*",'Observations '!$H:$H,IF(D13="","",D13),'Observations '!$D:$D,$F$3) -> 0 | G13: =COUNTIFS('Observations '!$G:$G,"*"&C13&"*",'Observations '!$H:$H,IF(D13="","",D13),'Observations '!$D:$D,$G$2) -> 0 | H13: =L13-E13-F13-G13 -> 1 | I13: =COUNTIFS('Observations '!$G:$G,"*"&C13&"*",'Observations '!$H:$H,IF(D13="","",D13),'Observations '!$E:$E,$I$2)+COUNTIFS('Observations '!$G:$G,"*"&C13&"*",'Observations '!$H:$H,IF(D13="","",D13),'Observations '!$E:$E,$I$3) -> 2 | J13: =COUNTIFS('Observations '!$G:$G,"*"&C13&"*",'Observations '!$H:$H,IF(D13="","",D13),'Observations '!$E:$E,$J$2)+COUNTIFS('Observations '!$G:$G,"*"&C13&"*",'Observations '!$H:$H,IF(D13="","",D13),'Observations '!$E:$E,$J$3) -> 0 | K13: =COUNTIFS('Observations '!$G:$G,"*"&C13&"*",'Observations '!$H:$H,IF(D13="","",D13),'Observations '!$E:$E,$K$2) -> 0 | L13: =SUM(I13:K13) -> 2
A14: Admin | B14: 9 | C14: Config Policies | D14: Password | E14: =COUNTIFS('Observations '!$G:$G,"*"&C14&"*",'Observations '!$H:$H,IF(D14="","",D14),'Observations '!$D:$D,$E$2) -> 1 | F14: =COUNTIFS('Observations '!$G:$G,"*"&C14&"*",'Observations '!$H:$H,IF(D14="","",D14),'Observations '!$D:$D,$F$2)+COUNTIFS('Observations '!$G:$G,"*"&C14&"*",'Observations '!$H:$H,IF(D14="","",D14),'Observations '!$D:$D,$F$3) -> 0 | G14: =COUNTIFS('Observations '!$G:$G,"*"&C14&"*",'Observations '!$H:$H,IF(D14="","",D14),'Observations '!$D:$D,$G$2) -> 0 | H14: =L14-E14-F14-G14 -> 1 | I14: =COUNTIFS('Observations '!$G:$G,"*"&C14&"*",'Observations '!$H:$H,IF(D14="","",D14),'Observations '!$E:$E,$I$2)+COUNTIFS('Observations '!$G:$G,"*"&C14&"*",'Observations '!$H:$H,IF(D14="","",D14),'Observations '!$E:$E,$I$3) -> 2 | J14: =COUNTIFS('Observations '!$G:$G,"*"&C14&"*",'Observations '!$H:$H,IF(D14="","",D14),'Observations '!$E:$E,$J$2)+COUNTIFS('Observations '!$G:$G,"*"&C14&"*",'Observations '!$H:$H,IF(D14="","",D14),'Observations '!$E:$E,$J$3) -> 0 | K14: =COUNTIFS('Observations '!$G:$G,"*"&C14&"*",'Observations '!$H:$H,IF(D14="","",D14),'Observations '!$E:$E,$K$2) -> 0 | L14: =SUM(I14:K14) -> 2
B15: 10 | C15: Config Policies | D15: Notification | E15: =COUNTIFS('Observations '!$G:$G,"*"&C15&"*",'Observations '!$H:$H,IF(D15="","",D15),'Observations '!$D:$D,$E$2) -> 1 | F15: =COUNTIFS('Observations '!$G:$G,"*"&C15&"*",'Observations '!$H:$H,IF(D15="","",D15),'Observations '!$D:$D,$F$2)+COUNTIFS('Observations '!$G:$G,"*"&C15&"*",'Observations '!$H:$H,IF(D15="","",D15),'Observations '!$D:$D,$F$3) -> 0 | G15: =COUNTIFS('Observations '!$G:$G,"*"&C15&"*",'Observations '!$H:$H,IF(D15="","",D15),'Observations '!$D:$D,$G$2) -> 0 | H15: =L15-E15-F15-G15 -> 1 | I15: =COUNTIFS('Observations '!$G:$G,"*"&C15&"*",'Observations '!$H:$H,IF(D15="","",D15),'Observations '!$E:$E,$I$2)+COUNTIFS('Observations '!$G:$G,"*"&C15&"*",'Observations '!$H:$H,IF(D15="","",D15),'Observations '!$E:$E,$I$3) -> 2 | J15: =COUNTIFS('Observations '!$G:$G,"*"&C15&"*",'Observations '!$H:$H,IF(D15="","",D15),'Observations '!$E:$E,$J$2)+COUNTIFS('Observations '!$G:$G,"*"&C15&"*",'Observations '!$H:$H,IF(D15="","",D15),'Observations '!$E:$E,$J$3) -> 0 | K15: =COUNTIFS('Observations '!$G:$G,"*"&C15&"*",'Observations '!$H:$H,IF(D15="","",D15),'Observations '!$E:$E,$K$2) -> 0 | L15: =SUM(I15:K15) -> 2
A16: APM | B16: 11 | C16: Config Policies | D16: PM generation | E16: =COUNTIFS('Observations '!$G:$G,"*"&C16&"*",'Observations '!$H:$H,IF(D16="","",D16),'Observations '!$D:$D,$E$2) -> 1 | F16: =COUNTIFS('Observations '!$G:$G,"*"&C16&"*",'Observations '!$H:$H,IF(D16="","",D16),'Observations '!$D:$D,$F$2)+COUNTIFS('Observations '!$G:$G,"*"&C16&"*",'Observations '!$H:$H,IF(D16="","",D16),'Observations '!$D:$D,$F$3) -> 0 | G16: =COUNTIFS('Observations '!$G:$G,"*"&C16&"*",'Observations '!$H:$H,IF(D16="","",D16),'Observations '!$D:$D,$G$2) -> 0 | H16: =L16-E16-F16-G16 -> 1 | I16: =COUNTIFS('Observations '!$G:$G,"*"&C16&"*",'Observations '!$H:$H,IF(D16="","",D16),'Observations '!$E:$E,$I$2)+COUNTIFS('Observations '!$G:$G,"*"&C16&"*",'Observations '!$H:$H,IF(D16="","",D16),'Observations '!$E:$E,$I$3) -> 2 | J16: =COUNTIFS('Observations '!$G:$G,"*"&C16&"*",'Observations '!$H:$H,IF(D16="","",D16),'Observations '!$E:$E,$J$2)+COUNTIFS('Observations '!$G:$G,"*"&C16&"*",'Observations '!$H:$H,IF(D16="","",D16),'Observations '!$E:$E,$J$3) -> 0 | K16: =COUNTIFS('Observations '!$G:$G,"*"&C16&"*",'Observations '!$H:$H,IF(D16="","",D16),'Observations '!$E:$E,$K$2) -> 0 | L16: =SUM(I16:K16) -> 2
B17: 12 | C17: Config Assets | D17: Asset types | E17: =COUNTIFS('Observations '!$G:$G,"*"&C17&"*",'Observations '!$H:$H,IF(D17="","",D17),'Observations '!$D:$D,$E$2) -> 0 | F17: =COUNTIFS('Observations '!$G:$G,"*"&C17&"*",'Observations '!$H:$H,IF(D17="","",D17),'Observations '!$D:$D,$F$2)+COUNTIFS('Observations '!$G:$G,"*"&C17&"*",'Observations '!$H:$H,IF(D17="","",D17),'Observations '!$D:$D,$F$3) -> 4 | G17: =COUNTIFS('Observations '!$G:$G,"*"&C17&"*",'Observations '!$H:$H,IF(D17="","",D17),'Observations '!$D:$D,$G$2) -> 1 | H17: =L17-E17-F17-G17 -> -1 | I17: =COUNTIFS('Observations '!$G:$G,"*"&C17&"*",'Observations '!$H:$H,IF(D17="","",D17),'Observations '!$E:$E,$I$2)+COUNTIFS('Observations '!$G:$G,"*"&C17&"*",'Observations '!$H:$H,IF(D17="","",D17),'Observations '!$E:$E,$I$3) -> 0 | J17: =COUNTIFS('Observations '!$G:$G,"*"&C17&"*",'Observations '!$H:$H,IF(D17="","",D17),'Observations '!$E:$E,$J$2)+COUNTIFS('Observations '!$G:$G,"*"&C17&"*",'Observations '!$H:$H,IF(D17="","",D17),'Observations '!$E:$E,$J$3) -> 0 | K17: =COUNTIFS('Observations '!$G:$G,"*"&C17&"*",'Observations '!$H:$H,IF(D17="","",D17),'Observations '!$E:$E,$K$2) -> 4 | L17: =SUM(I17:K17) -> 4
B18: 13 | C18: Config Assets | D18: Material Types | E18: =COUNTIFS('Observations '!$G:$G,"*"&C18&"*",'Observations '!$H:$H,IF(D18="","",D18),'Observations '!$D:$D,$E$2) -> 0 | F18: =COUNTIFS('Observations '!$G:$G,"*"&C18&"*",'Observations '!$H:$H,IF(D18="","",D18),'Observations '!$D:$D,$F$2)+COUNTIFS('Observations '!$G:$G,"*"&C18&"*",'Observations '!$H:$H,IF(D18="","",D18),'Observations '!$D:$D,$F$3) -> 1 | G18: =COUNTIFS('Observations '!$G:$G,"*"&C18&"*",'Observations '!$H:$H,IF(D18="","",D18),'Observations '!$D:$D,$G$2) -> 0 | H18: =L18-E18-F18-G18 -> 0 | I18: =COUNTIFS('Observations '!$G:$G,"*"&C18&"*",'Observations '!$H:$H,IF(D18="","",D18),'Observations '!$E:$E,$I$2)+COUNTIFS('Observations '!$G:$G,"*"&C18&"*",'Observations '!$H:$H,IF(D18="","",D18),'Observations '!$E:$E,$I$3) -> 0 | J18: =COUNTIFS('Observations '!$G:$G,"*"&C18&"*",'Observations '!$H:$H,IF(D18="","",D18),'Observations '!$E:$E,$J$2)+COUNTIFS('Observations '!$G:$G,"*"&C18&"*",'Observations '!$H:$H,IF(D18="","",D18),'Observations '!$E:$E,$J$3) -> 0 | K18: =COUNTIFS('Observations '!$G:$G,"*"&C18&"*",'Observations '!$H:$H,IF(D18="","",D18),'Observations '!$E:$E,$K$2) -> 1 | L18: =SUM(I18:K18) -> 1
A19: meter | B19: 14 | C19: Config Assets | D19: Meter Types | E19: =COUNTIFS('Observations '!$G:$G,"*"&C19&"*",'Observations '!$H:$H,IF(D19="","",D19),'Observations '!$D:$D,$E$2) -> 0 | F19: =COUNTIFS('Observations '!$G:$G,"*"&C19&"*",'Observations '!$H:$H,IF(D19="","",D19),'Observations '!$D:$D,$F$2)+COUNTIFS('Observations '!$G:$G,"*"&C19&"*",'Observations '!$H:$H,IF(D19="","",D19),'Observations '!$D:$D,$F$3) -> 2 | G19: =COUNTIFS('Observations '!$G:$G,"*"&C19&"*",'Observations '!$H:$H,IF(D19="","",D19),'Observations '!$D:$D,$G$2) -> 1 | H19: =L19-E19-F19-G19 -> 0 | I19: =COUNTIFS('Observations '!$G:$G,"*"&C19&"*",'Observations '!$H:$H,IF(D19="","",D19),'Observations '!$E:$E,$I$2)+COUNTIFS('Observations '!$G:$G,"*"&C19&"*",'Observations '!$H:$H,IF(D19="","",D19),'Observations '!$E:$E,$I$3) -> 0 | J19: =COUNTIFS('Observations '!$G:$G,"*"&C19&"*",'Observations '!$H:$H,IF(D19="","",D19),'Observations '!$E:$E,$J$2)+COUNTIFS('Observations '!$G:$G,"*"&C19&"*",'Observations '!$H:$H,IF(D19="","",D19),'Observations '!$E:$E,$J$3) -> 2 | K19: =COUNTIFS('Observations '!$G:$G,"*"&C19&"*",'Observations '!$H:$H,IF(D19="","",D19),'Observations '!$E:$E,$K$2) -> 1 | L19: =SUM(I19:K19) -> 3
B20: 15 | C20: General | E20: =COUNTIFS('Observations '!$G:$G,"*"&C20&"*",'Observations '!$H:$H,IF(D20="","",D20),'Observations '!$D:$D,$E$2) -> 0 | F20: =COUNTIFS('Observations '!$G:$G,"*"&C20&"*",'Observations '!$H:$H,IF(D20="","",D20),'Observations '!$D:$D,$F$2)+COUNTIFS('Observations '!$G:$G,"*"&C20&"*",'Observations '!$H:$H,IF(D20="","",D20),'Observations '!$D:$D,$F$3) -> 2 | G20: =COUNTIFS('Observations '!$G:$G,"*"&C20&"*",'Observations '!$H:$H,IF(D20="","",D20),'Observations '!$D:$D,$G$2) -> 0 | H20: =L20-E20-F20-G20 -> 1 | I20: =COUNTIFS('Observations '!$G:$G,"*"&C20&"*",'Observations '!$H:$H,IF(D20="","",D20),'Observations '!$E:$E,$I$2)+COUNTIFS('Observations '!$G:$G,"*"&C20&"*",'Observations '!$H:$H,IF(D20="","",D20),'Observations '!$E:$E,$I$3) -> 0 | J20: =COUNTIFS('Observations '!$G:$G,"*"&C20&"*",'Observations '!$H:$H,IF(D20="","",D20),'Observations '!$E:$E,$J$2)+COUNTIFS('Observations '!$G:$G,"*"&C20&"*",'Observations '!$H:$H,IF(D20="","",D20),'Observations '!$E:$E,$J$3) -> 2 | K20: =COUNTIFS('Observations '!$G:$G,"*"&C20&"*",'Observations '!$H:$H,IF(D20="","",D20),'Observations '!$E:$E,$K$2) -> 1 | L20: =SUM(I20:K20) -> 3
B21: 16 | C21: Schedule types | E21: =COUNTIFS('Observations '!$G:$G,"*"&C21&"*",'Observations '!$H:$H,IF(D21="","",D21),'Observations '!$D:$D,$E$2) -> 1 | F21: =COUNTIFS('Observations '!$G:$G,"*"&C21&"*",'Observations '!$H:$H,IF(D21="","",D21),'Observations '!$D:$D,$F$2)+COUNTIFS('Observations '!$G:$G,"*"&C21&"*",'Observations '!$H:$H,IF(D21="","",D21),'Observations '!$D:$D,$F$3) -> 1 | G21: =COUNTIFS('Observations '!$G:$G,"*"&C21&"*",'Observations '!$H:$H,IF(D21="","",D21),'Observations '!$D:$D,$G$2) -> 3 | H21: =L21-E21-F21-G21 -> -2 | I21: =COUNTIFS('Observations '!$G:$G,"*"&C21&"*",'Observations '!$H:$H,IF(D21="","",D21),'Observations '!$E:$E,$I$2)+COUNTIFS('Observations '!$G:$G,"*"&C21&"*",'Observations '!$H:$H,IF(D21="","",D21),'Observations '!$E:$E,$I$3) -> 0 | J21: =COUNTIFS('Observations '!$G:$G,"*"&C21&"*",'Observations '!$H:$H,IF(D21="","",D21),'Observations '!$E:$E,$J$2)+COUNTIFS('Observations '!$G:$G,"*"&C21&"*",'Observations '!$H:$H,IF(D21="","",D21),'Observations '!$E:$E,$J$3) -> 2 | K21: =COUNTIFS('Observations '!$G:$G,"*"&C21&"*",'Observations '!$H:$H,IF(D21="","",D21),'Observations '!$E:$E,$K$2) -> 1 | L21: =SUM(I21:K21) -> 3
B22: 17 | C22: Sections | E22: =COUNTIFS('Observations '!$G:$G,"*"&C22&"*",'Observations '!$H:$H,IF(D22="","",D22),'Observations '!$D:$D,$E$2) -> 0 | F22: =COUNTIFS('Observations '!$G:$G,"*"&C22&"*",'Observations '!$H:$H,IF(D22="","",D22),'Observations '!$D:$D,$F$2)+COUNTIFS('Observations '!$G:$G,"*"&C22&"*",'Observations '!$H:$H,IF(D22="","",D22),'Observations '!$D:$D,$F$3) -> 2 | G22: =COUNTIFS('Observations '!$G:$G,"*"&C22&"*",'Observations '!$H:$H,IF(D22="","",D22),'Observations '!$D:$D,$G$2) -> 0 | H22: =L22-E22-F22-G22 -> 1 | I22: =COUNTIFS('Observations '!$G:$G,"*"&C22&"*",'Observations '!$H:$H,IF(D22="","",D22),'Observations '!$E:$E,$I$2)+COUNTIFS('Observations '!$G:$G,"*"&C22&"*",'Observations '!$H:$H,IF(D22="","",D22),'Observations '!$E:$E,$I$3) -> 0 | J22: =COUNTIFS('Observations '!$G:$G,"*"&C22&"*",'Observations '!$H:$H,IF(D22="","",D22),'Observations '!$E:$E,$J$2)+COUNTIFS('Observations '!$G:$G,"*"&C22&"*",'Observations '!$H:$H,IF(D22="","",D22),'Observations '!$E:$E,$J$3) -> 2 | K22: =COUNTIFS('Observations '!$G:$G,"*"&C22&"*",'Observations '!$H:$H,IF(D22="","",D22),'Observations '!$E:$E,$K$2) -> 1 | L22: =SUM(I22:K22) -> 3
A23: MMP | B23: 18 | C23: Configuration Maintenance | D23: MMP | E23: =COUNTIFS('Observations '!$G:$G,"*"&C23&"*",'Observations '!$H:$H,IF(D23="","",D23),'Observations '!$D:$D,$E$2) -> 0 | F23: =COUNTIFS('Observations '!$G:$G,"*"&C23&"*",'Observations '!$H:$H,IF(D23="","",D23),'Observations '!$D:$D,$F$2)+COUNTIFS('Observations '!$G:$G,"*"&C23&"*",'Observations '!$H:$H,IF(D23="","",D23),'Observations '!$D:$D,$F$3) -> 1 | G23: =COUNTIFS('Observations '!$G:$G,"*"&C23&"*",'Observations '!$H:$H,IF(D23="","",D23),'Observations '!$D:$D,$G$2) -> 0 | H23: =L23-E23-F23-G23 -> 1 | I23: =COUNTIFS('Observations '!$G:$G,"*"&C23&"*",'Observations '!$H:$H,IF(D23="","",D23),'Observations '!$E:$E,$I$2)+COUNTIFS('Observations '!$G:$G,"*"&C23&"*",'Observations '!$H:$H,IF(D23="","",D23),'Observations '!$E:$E,$I$3) -> 2 | J23: =COUNTIFS('Observations '!$G:$G,"*"&C23&"*",'Observations '!$H:$H,IF(D23="","",D23),'Observations '!$E:$E,$J$2)+COUNTIFS('Observations '!$G:$G,"*"&C23&"*",'Observations '!$H:$H,IF(D23="","",D23),'Observations '!$E:$E,$J$3) -> 0 | K23: =COUNTIFS('Observations '!$G:$G,"*"&C23&"*",'Observations '!$H:$H,IF(D23="","",D23),'Observations '!$E:$E,$K$2) -> 0 | L23: =SUM(I23:K23) -> 2
B24: 19 | C24: Config Setup | D24: Master Workflows | E24: =COUNTIFS('Observations '!$G:$G,"*"&C24&"*",'Observations '!$H:$H,IF(D24="","",D24),'Observations '!$D:$D,$E$2) -> 0 | F24: =COUNTIFS('Observations '!$G:$G,"*"&C24&"*",'Observations '!$H:$H,IF(D24="","",D24),'Observations '!$D:$D,$F$2)+COUNTIFS('Observations '!$G:$G,"*"&C24&"*",'Observations '!$H:$H,IF(D24="","",D24),'Observations '!$D:$D,$F$3) -> 1 | G24: =COUNTIFS('Observations '!$G:$G,"*"&C24&"*",'Observations '!$H:$H,IF(D24="","",D24),'Observations '!$D:$D,$G$2) -> 0 | H24: =L24-E24-F24-G24 -> 1 | I24: =COUNTIFS('Observations '!$G:$G,"*"&C24&"*",'Observations '!$H:$H,IF(D24="","",D24),'Observations '!$E:$E,$I$2)+COUNTIFS('Observations '!$G:$G,"*"&C24&"*",'Observations '!$H:$H,IF(D24="","",D24),'Observations '!$E:$E,$I$3) -> 0 | J24: =COUNTIFS('Observations '!$G:$G,"*"&C24&"*",'Observations '!$H:$H,IF(D24="","",D24),'Observations '!$E:$E,$J$2)+COUNTIFS('Observations '!$G:$G,"*"&C24&"*",'Observations '!$H:$H,IF(D24="","",D24),'Observations '!$E:$E,$J$3) -> 2 | K24: =COUNTIFS('Observations '!$G:$G,"*"&C24&"*",'Observations '!$H:$H,IF(D24="","",D24),'Observations '!$E:$E,$K$2) -> 0 | L24: =SUM(I24:K24) -> 2
B25: 20 | C25: Config Assets | D25: Car Asset Layout | E25: =COUNTIFS('Observations '!$G:$G,"*"&C25&"*",'Observations '!$H:$H,IF(D25="","",D25),'Observations '!$D:$D,$E$2) -> 0 | F25: =COUNTIFS('Observations '!$G:$G,"*"&C25&"*",'Observations '!$H:$H,IF(D25="","",D25),'Observations '!$D:$D,$F$2)+COUNTIFS('Observations '!$G:$G,"*"&C25&"*",'Observations '!$H:$H,IF(D25="","",D25),'Observations '!$D:$D,$F$3) -> 1 | G25: =COUNTIFS('Observations '!$G:$G,"*"&C25&"*",'Observations '!$H:$H,IF(D25="","",D25),'Observations '!$D:$D,$G$2) -> 0 | H25: =L25-E25-F25-G25 -> 1 | I25: =COUNTIFS('Observations '!$G:$G,"*"&C25&"*",'Observations '!$H:$H,IF(D25="","",D25),'Observations '!$E:$E,$I$2)+COUNTIFS('Observations '!$G:$G,"*"&C25&"*",'Observations '!$H:$H,IF(D25="","",D25),'Observations '!$E:$E,$I$3) -> 0 | J25: =COUNTIFS('Observations '!$G:$G,"*"&C25&"*",'Observations '!$H:$H,IF(D25="","",D25),'Observations '!$E:$E,$J$2)+COUNTIFS('Observations '!$G:$G,"*"&C25&"*",'Observations '!$H:$H,IF(D25="","",D25),'Observations '!$E:$E,$J$3) -> 2 | K25: =COUNTIFS('Observations '!$G:$G,"*"&C25&"*",'Observations '!$H:$H,IF(D25="","",D25),'Observations '!$E:$E,$K$2) -> 0 | L25: =SUM(I25:K25) -> 2
B26: 21 | C26: Config Assets | D26: Car types | E26: =COUNTIFS('Observations '!$G:$G,"*"&C26&"*",'Observations '!$H:$H,IF(D26="","",D26),'Observations '!$D:$D,$E$2) -> 0 | F26: =COUNTIFS('Observations '!$G:$G,"*"&C26&"*",'Observations '!$H:$H,IF(D26="","",D26),'Observations '!$D:$D,$F$2)+COUNTIFS('Observations '!$G:$G,"*"&C26&"*",'Observations '!$H:$H,IF(D26="","",D26),'Observations '!$D:$D,$F$3) -> 1 | G26: =COUNTIFS('Observations '!$G:$G,"*"&C26&"*",'Observations '!$H:$H,IF(D26="","",D26),'Observations '!$D:$D,$G$2) -> 0 | H26: =L26-E26-F26-G26 -> 1 | I26: =COUNTIFS('Observations '!$G:$G,"*"&C26&"*",'Observations '!$H:$H,IF(D26="","",D26),'Observations '!$E:$E,$I$2)+COUNTIFS('Observations '!$G:$G,"*"&C26&"*",'Observations '!$H:$H,IF(D26="","",D26),'Observations '!$E:$E,$I$3) -> 0 | J26: =COUNTIFS('Observations '!$G:$G,"*"&C26&"*",'Observations '!$H:$H,IF(D26="","",D26),'Observations '!$E:$E,$J$2)+COUNTIFS('Observations '!$G:$G,"*"&C26&"*",'Observations '!$H:$H,IF(D26="","",D26),'Observations '!$E:$E,$J$3) -> 2 | K26: =COUNTIFS('Observations '!$G:$G,"*"&C26&"*",'Observations '!$H:$H,IF(D26="","",D26),'Observations '!$E:$E,$K$2) -> 0 | L26: =SUM(I26:K26) -> 2
B27: 22 | C27: Config Assets | D27: Trainset types | E27: =COUNTIFS('Observations '!$G:$G,"*"&C27&"*",'Observations '!$H:$H,IF(D27="","",D27),'Observations '!$D:$D,$E$2) -> 0 | F27: =COUNTIFS('Observations '!$G:$G,"*"&C27&"*",'Observations '!$H:$H,IF(D27="","",D27),'Observations '!$D:$D,$F$2)+COUNTIFS('Observations '!$G:$G,"*"&C27&"*",'Observations '!$H:$H,IF(D27="","",D27),'Observations '!$D:$D,$F$3) -> 2 | G27: =COUNTIFS('Observations '!$G:$G,"*"&C27&"*",'Observations '!$H:$H,IF(D27="","",D27),'Observations '!$D:$D,$G$2) -> 0 | H27: =L27-E27-F27-G27 -> 2 | I27: =COUNTIFS('Observations '!$G:$G,"*"&C27&"*",'Observations '!$H:$H,IF(D27="","",D27),'Observations '!$E:$E,$I$2)+COUNTIFS('Observations '!$G:$G,"*"&C27&"*",'Observations '!$H:$H,IF(D27="","",D27),'Observations '!$E:$E,$I$3) -> 0 | J27: =COUNTIFS('Observations '!$G:$G,"*"&C27&"*",'Observations '!$H:$H,IF(D27="","",D27),'Observations '!$E:$E,$J$2)+COUNTIFS('Observations '!$G:$G,"*"&C27&"*",'Observations '!$H:$H,IF(D27="","",D27),'Observations '!$E:$E,$J$3) -> 4 | K27: =COUNTIFS('Observations '!$G:$G,"*"&C27&"*",'Observations '!$H:$H,IF(D27="","",D27),'Observations '!$E:$E,$K$2) -> 0 | L27: =SUM(I27:K27) -> 4
B28: 23 | C28: Asset/make/Model vs Sch types | D28: Association of Schedules not only based on asset types, but also based on make and model | E28: =COUNTIFS('Observations '!$G:$G,"*"&C28&"*",'Observations '!$H:$H,IF(D28="","",D28),'Observations '!$D:$D,$E$2) -> 0 | F28: =COUNTIFS('Observations '!$G:$G,"*"&C28&"*",'Observations '!$H:$H,IF(D28="","",D28),'Observations '!$D:$D,$F$2)+COUNTIFS('Observations '!$G:$G,"*"&C28&"*",'Observations '!$H:$H,IF(D28="","",D28),'Observations '!$D:$D,$F$3) -> 1 | G28: =COUNTIFS('Observations '!$G:$G,"*"&C28&"*",'Observations '!$H:$H,IF(D28="","",D28),'Observations '!$D:$D,$G$2) -> 0 | H28: =L28-E28-F28-G28 -> 1 | I28: =COUNTIFS('Observations '!$G:$G,"*"&C28&"*",'Observations '!$H:$H,IF(D28="","",D28),'Observations '!$E:$E,$I$2)+COUNTIFS('Observations '!$G:$G,"*"&C28&"*",'Observations '!$H:$H,IF(D28="","",D28),'Observations '!$E:$E,$I$3) -> 2 | J28: =COUNTIFS('Observations '!$G:$G,"*"&C28&"*",'Observations '!$H:$H,IF(D28="","",D28),'Observations '!$E:$E,$J$2)+COUNTIFS('Observations '!$G:$G,"*"&C28&"*",'Observations '!$H:$H,IF(D28="","",D28),'Observations '!$E:$E,$J$3) -> 0 | K28: =COUNTIFS('Observations '!$G:$G,"*"&C28&"*",'Observations '!$H:$H,IF(D28="","",D28),'Observations '!$E:$E,$K$2) -> 0 | L28: =SUM(I28:K28) -> 2
B29: 24 | C29: Job plan Checklist | D29: based on AT make and model - if situation demands | E29: =COUNTIFS('Observations '!$G:$G,"*"&C29&"*",'Observations '!$H:$H,IF(D29="","",D29),'Observations '!$D:$D,$E$2) -> 0 | F29: =COUNTIFS('Observations '!$G:$G,"*"&C29&"*",'Observations '!$H:$H,IF(D29="","",D29),'Observations '!$D:$D,$F$2)+COUNTIFS('Observations '!$G:$G,"*"&C29&"*",'Observations '!$H:$H,IF(D29="","",D29),'Observations '!$D:$D,$F$3) -> 1 | G29: =COUNTIFS('Observations '!$G:$G,"*"&C29&"*",'Observations '!$H:$H,IF(D29="","",D29),'Observations '!$D:$D,$G$2) -> 0 | H29: =L29-E29-F29-G29 -> 1 | I29: =COUNTIFS('Observations '!$G:$G,"*"&C29&"*",'Observations '!$H:$H,IF(D29="","",D29),'Observations '!$E:$E,$I$2)+COUNTIFS('Observations '!$G:$G,"*"&C29&"*",'Observations '!$H:$H,IF(D29="","",D29),'Observations '!$E:$E,$I$3) -> 0 | J29: =COUNTIFS('Observations '!$G:$G,"*"&C29&"*",'Observations '!$H:$H,IF(D29="","",D29),'Observations '!$E:$E,$J$2)+COUNTIFS('Observations '!$G:$G,"*"&C29&"*",'Observations '!$H:$H,IF(D29="","",D29),'Observations '!$E:$E,$J$3) -> 2 | K29: =COUNTIFS('Observations '!$G:$G,"*"&C29&"*",'Observations '!$H:$H,IF(D29="","",D29),'Observations '!$E:$E,$K$2) -> 0 | L29: =SUM(I29:K29) -> 2
B30: 25 | C30: Engineering sections (Sub units/Depts) | E30: =COUNTIFS('Observations '!$G:$G,"*"&C30&"*",'Observations '!$H:$H,IF(D30="","",D30),'Observations '!$D:$D,$E$2) -> 0 | F30: =COUNTIFS('Observations '!$G:$G,"*"&C30&"*",'Observations '!$H:$H,IF(D30="","",D30),'Observations '!$D:$D,$F$2)+COUNTIFS('Observations '!$G:$G,"*"&C30&"*",'Observations '!$H:$H,IF(D30="","",D30),'Observations '!$D:$D,$F$3) -> 1 | G30: =COUNTIFS('Observations '!$G:$G,"*"&C30&"*",'Observations '!$H:$H,IF(D30="","",D30),'Observations '!$D:$D,$G$2) -> 0 | H30: =L30-E30-F30-G30 -> 1 | I30: =COUNTIFS('Observations '!$G:$G,"*"&C30&"*",'Observations '!$H:$H,IF(D30="","",D30),'Observations '!$E:$E,$I$2)+COUNTIFS('Observations '!$G:$G,"*"&C30&"*",'Observations '!$H:$H,IF(D30="","",D30),'Observations '!$E:$E,$I$3) -> 0 | J30: =COUNTIFS('Observations '!$G:$G,"*"&C30&"*",'Observations '!$H:$H,IF(D30="","",D30),'Observations '!$E:$E,$J$2)+COUNTIFS('Observations '!$G:$G,"*"&C30&"*",'Observations '!$H:$H,IF(D30="","",D30),'Observations '!$E:$E,$J$3) -> 2 | K30: =COUNTIFS('Observations '!$G:$G,"*"&C30&"*",'Observations '!$H:$H,IF(D30="","",D30),'Observations '!$E:$E,$K$2) -> 0 | L30: =SUM(I30:K30) -> 2
B31: 26 | C31: Landscape (Identify impacted landscapes) | E31: =COUNTIFS('Observations '!$G:$G,"*"&C31&"*",'Observations '!$H:$H,IF(D31="","",D31),'Observations '!$D:$D,$E$2) -> 0 | F31: =COUNTIFS('Observations '!$G:$G,"*"&C31&"*",'Observations '!$H:$H,IF(D31="","",D31),'Observations '!$D:$D,$F$2)+COUNTIFS('Observations '!$G:$G,"*"&C31&"*",'Observations '!$H:$H,IF(D31="","",D31),'Observations '!$D:$D,$F$3) -> 1 | G31: =COUNTIFS('Observations '!$G:$G,"*"&C31&"*",'Observations '!$H:$H,IF(D31="","",D31),'Observations '!$D:$D,$G$2) -> 0 | H31: =L31-E31-F31-G31 -> 1 | I31: =COUNTIFS('Observations '!$G:$G,"*"&C31&"*",'Observations '!$H:$H,IF(D31="","",D31),'Observations '!$E:$E,$I$2)+COUNTIFS('Observations '!$G:$G,"*"&C31&"*",'Observations '!$H:$H,IF(D31="","",D31),'Observations '!$E:$E,$I$3) -> 0 | J31: =COUNTIFS('Observations '!$G:$G,"*"&C31&"*",'Observations '!$H:$H,IF(D31="","",D31),'Observations '!$E:$E,$J$2)+COUNTIFS('Observations '!$G:$G,"*"&C31&"*",'Observations '!$H:$H,IF(D31="","",D31),'Observations '!$E:$E,$J$3) -> 2 | K31: =COUNTIFS('Observations '!$G:$G,"*"&C31&"*",'Observations '!$H:$H,IF(D31="","",D31),'Observations '!$E:$E,$K$2) -> 0 | L31: =SUM(I31:K31) -> 2
B32: 27 | C32: Fault codes | E32: =COUNTIFS('Observations '!$G:$G,"*"&C32&"*",'Observations '!$H:$H,IF(D32="","",D32),'Observations '!$D:$D,$E$2) -> 0 | F32: =COUNTIFS('Observations '!$G:$G,"*"&C32&"*",'Observations '!$H:$H,IF(D32="","",D32),'Observations '!$D:$D,$F$2)+COUNTIFS('Observations '!$G:$G,"*"&C32&"*",'Observations '!$H:$H,IF(D32="","",D32),'Observations '!$D:$D,$F$3) -> 1 | G32: =COUNTIFS('Observations '!$G:$G,"*"&C32&"*",'Observations '!$H:$H,IF(D32="","",D32),'Observations '!$D:$D,$G$2) -> 0 | H32: =L32-E32-F32-G32 -> 1 | I32: =COUNTIFS('Observations '!$G:$G,"*"&C32&"*",'Observations '!$H:$H,IF(D32="","",D32),'Observations '!$E:$E,$I$2)+COUNTIFS('Observations '!$G:$G,"*"&C32&"*",'Observations '!$H:$H,IF(D32="","",D32),'Observations '!$E:$E,$I$3) -> 0 | J32: =COUNTIFS('Observations '!$G:$G,"*"&C32&"*",'Observations '!$H:$H,IF(D32="","",D32),'Observations '!$E:$E,$J$2)+COUNTIFS('Observations '!$G:$G,"*"&C32&"*",'Observations '!$H:$H,IF(D32="","",D32),'Observations '!$E:$E,$J$3) -> 2 | K32: =COUNTIFS('Observations '!$G:$G,"*"&C32&"*",'Observations '!$H:$H,IF(D32="","",D32),'Observations '!$E:$E,$K$2) -> 0 | L32: =SUM(I32:K32) -> 2
B33: 28 | C33: Functional Units | E33: =COUNTIFS('Observations '!$G:$G,"*"&C33&"*",'Observations '!$H:$H,IF(D33="","",D33),'Observations '!$D:$D,$E$2) -> 0 | F33: =COUNTIFS('Observations '!$G:$G,"*"&C33&"*",'Observations '!$H:$H,IF(D33="","",D33),'Observations '!$D:$D,$F$2)+COUNTIFS('Observations '!$G:$G,"*"&C33&"*",'Observations '!$H:$H,IF(D33="","",D33),'Observations '!$D:$D,$F$3) -> 1 | G33: =COUNTIFS('Observations '!$G:$G,"*"&C33&"*",'Observations '!$H:$H,IF(D33="","",D33),'Observations '!$D:$D,$G$2) -> 0 | H33: =L33-E33-F33-G33 -> -1 | I33: =COUNTIFS('Observations '!$G:$G,"*"&C33&"*",'Observations '!$H:$H,IF(D33="","",D33),'Observations '!$E:$E,$I$2)+COUNTIFS('Observations '!$G:$G,"*"&C33&"*",'Observations '!$H:$H,IF(D33="","",D33),'Observations '!$E:$E,$I$3) -> 0 | J33: =COUNTIFS('Observations '!$G:$G,"*"&C33&"*",'Observations '!$H:$H,IF(D33="","",D33),'Observations '!$E:$E,$J$2)+COUNTIFS('Observations '!$G:$G,"*"&C33&"*",'Observations '!$H:$H,IF(D33="","",D33),'Observations '!$E:$E,$J$3) -> 0 | K33: =COUNTIFS('Observations '!$G:$G,"*"&C33&"*",'Observations '!$H:$H,IF(D33="","",D33),'Observations '!$E:$E,$K$2) -> 0 | L33: =SUM(I33:K33) -> 0
B34: 29 | C34: PTW screen | E34: =COUNTIFS('Observations '!$G:$G,"*"&C34&"*",'Observations '!$H:$H,IF(D34="","",D34),'Observations '!$D:$D,$E$2) -> 1 | F34: =COUNTIFS('Observations '!$G:$G,"*"&C34&"*",'Observations '!$H:$H,IF(D34="","",D34),'Observations '!$D:$D,$F$2)+COUNTIFS('Observations '!$G:$G,"*"&C34&"*",'Observations '!$H:$H,IF(D34="","",D34),'Observations '!$D:$D,$F$3) -> 0 | G34: =COUNTIFS('Observations '!$G:$G,"*"&C34&"*",'Observations '!$H:$H,IF(D34="","",D34),'Observations '!$D:$D,$G$2) -> 0 | H34: =L34-E34-F34-G34 -> 1 | I34: =COUNTIFS('Observations '!$G:$G,"*"&C34&"*",'Observations '!$H:$H,IF(D34="","",D34),'Observations '!$E:$E,$I$2)+COUNTIFS('Observations '!$G:$G,"*"&C34&"*",'Observations '!$H:$H,IF(D34="","",D34),'Observations '!$E:$E,$I$3) -> 2 | J34: =COUNTIFS('Observations '!$G:$G,"*"&C34&"*",'Observations '!$H:$H,IF(D34="","",D34),'Observations '!$E:$E,$J$2)+COUNTIFS('Observations '!$G:$G,"*"&C34&"*",'Observations '!$H:$H,IF(D34="","",D34),'Observations '!$E:$E,$J$3) -> 0 | K34: =COUNTIFS('Observations '!$G:$G,"*"&C34&"*",'Observations '!$H:$H,IF(D34="","",D34),'Observations '!$E:$E,$K$2) -> 0 | L34: =SUM(I34:K34) -> 2
B35: 30 | C35: Job Plan | E35: =COUNTIFS('Observations '!$G:$G,"*"&C35&"*",'Observations '!$H:$H,IF(D35="","",D35),'Observations '!$D:$D,$E$2) -> 0 | F35: =COUNTIFS('Observations '!$G:$G,"*"&C35&"*",'Observations '!$H:$H,IF(D35="","",D35),'Observations '!$D:$D,$F$2)+COUNTIFS('Observations '!$G:$G,"*"&C35&"*",'Observations '!$H:$H,IF(D35="","",D35),'Observations '!$D:$D,$F$3) -> 1 | G35: =COUNTIFS('Observations '!$G:$G,"*"&C35&"*",'Observations '!$H:$H,IF(D35="","",D35),'Observations '!$D:$D,$G$2) -> 3 | H35: =L35-E35-F35-G35 -> -2 | I35: =COUNTIFS('Observations '!$G:$G,"*"&C35&"*",'Observations '!$H:$H,IF(D35="","",D35),'Observations '!$E:$E,$I$2)+COUNTIFS('Observations '!$G:$G,"*"&C35&"*",'Observations '!$H:$H,IF(D35="","",D35),'Observations '!$E:$E,$I$3) -> 0 | J35: =COUNTIFS('Observations '!$G:$G,"*"&C35&"*",'Observations '!$H:$H,IF(D35="","",D35),'Observations '!$E:$E,$J$2)+COUNTIFS('Observations '!$G:$G,"*"&C35&"*",'Observations '!$H:$H,IF(D35="","",D35),'Observations '!$E:$E,$J$3) -> 2 | K35: =COUNTIFS('Observations '!$G:$G,"*"&C35&"*",'Observations '!$H:$H,IF(D35="","",D35),'Observations '!$E:$E,$K$2) -> 0 | L35: =SUM(I35:K35) -> 2
B36: 31 | C36: Checksheet | E36: =COUNTIFS('Observations '!$G:$G,"*"&C36&"*",'Observations '!$H:$H,IF(D36="","",D36),'Observations '!$D:$D,$E$2) -> 1 | F36: =COUNTIFS('Observations '!$G:$G,"*"&C36&"*",'Observations '!$H:$H,IF(D36="","",D36),'Observations '!$D:$D,$F$2)+COUNTIFS('Observations '!$G:$G,"*"&C36&"*",'Observations '!$H:$H,IF(D36="","",D36),'Observations '!$D:$D,$F$3) -> 1 | G36: =COUNTIFS('Observations '!$G:$G,"*"&C36&"*",'Observations '!$H:$H,IF(D36="","",D36),'Observations '!$D:$D,$G$2) -> 1 | H36: =L36-E36-F36-G36 -> -1 | I36: =COUNTIFS('Observations '!$G:$G,"*"&C36&"*",'Observations '!$H:$H,IF(D36="","",D36),'Observations '!$E:$E,$I$2)+COUNTIFS('Observations '!$G:$G,"*"&C36&"*",'Observations '!$H:$H,IF(D36="","",D36),'Observations '!$E:$E,$I$3) -> 0 | J36: =COUNTIFS('Observations '!$G:$G,"*"&C36&"*",'Observations '!$H:$H,IF(D36="","",D36),'Observations '!$E:$E,$J$2)+COUNTIFS('Observations '!$G:$G,"*"&C36&"*",'Observations '!$H:$H,IF(D36="","",D36),'Observations '!$E:$E,$J$3) -> 0 | K36: =COUNTIFS('Observations '!$G:$G,"*"&C36&"*",'Observations '!$H:$H,IF(D36="","",D36),'Observations '!$E:$E,$K$2) -> 2 | L36: =SUM(I36:K36) -> 2
B37: 32 | C37: Master Maintenance plan | E37: =COUNTIFS('Observations '!$G:$G,"*"&C37&"*",'Observations '!$H:$H,IF(D37="","",D37),'Observations '!$D:$D,$E$2) -> 0 | F37: =COUNTIFS('Observations '!$G:$G,"*"&C37&"*",'Observations '!$H:$H,IF(D37="","",D37),'Observations '!$D:$D,$F$2)+COUNTIFS('Observations '!$G:$G,"*"&C37&"*",'Observations '!$H:$H,IF(D37="","",D37),'Observations '!$D:$D,$F$3) -> 3 | G37: =COUNTIFS('Observations '!$G:$G,"*"&C37&"*",'Observations '!$H:$H,IF(D37="","",D37),'Observations '!$D:$D,$G$2) -> 4 | H37: =L37-E37-F37-G37 -> -1 | I37: =COUNTIFS('Observations '!$G:$G,"*"&C37&"*",'Observations '!$H:$H,IF(D37="","",D37),'Observations '!$E:$E,$I$2)+COUNTIFS('Observations '!$G:$G,"*"&C37&"*",'Observations '!$H:$H,IF(D37="","",D37),'Observations '!$E:$E,$I$3) -> 6 | J37: =COUNTIFS('Observations '!$G:$G,"*"&C37&"*",'Observations '!$H:$H,IF(D37="","",D37),'Observations '!$E:$E,$J$2)+COUNTIFS('Observations '!$G:$G,"*"&C37&"*",'Observations '!$H:$H,IF(D37="","",D37),'Observations '!$E:$E,$J$3) -> 0 | K37: =COUNTIFS('Observations '!$G:$G,"*"&C37&"*",'Observations '!$H:$H,IF(D37="","",D37),'Observations '!$E:$E,$K$2) -> 0 | L37: =SUM(I37:K37) -> 6
B38: 33 | C38: WORKORDER | E38: =COUNTIFS('Observations '!$G:$G,"*"&C38&"*",'Observations '!$H:$H,IF(D38="","",D38),'Observations '!$D:$D,$E$2) -> 0 | F38: =COUNTIFS('Observations '!$G:$G,"*"&C38&"*",'Observations '!$H:$H,IF(D38="","",D38),'Observations '!$D:$D,$F$2)+COUNTIFS('Observations '!$G:$G,"*"&C38&"*",'Observations '!$H:$H,IF(D38="","",D38),'Observations '!$D:$D,$F$3) -> 0 | G38: =COUNTIFS('Observations '!$G:$G,"*"&C38&"*",'Observations '!$H:$H,IF(D38="","",D38),'Observations '!$D:$D,$G$2) -> 1 | H38: =L38-E38-F38-G38 -> -1 | I38: =COUNTIFS('Observations '!$G:$G,"*"&C38&"*",'Observations '!$H:$H,IF(D38="","",D38),'Observations '!$E:$E,$I$2)+COUNTIFS('Observations '!$G:$G,"*"&C38&"*",'Observations '!$H:$H,IF(D38="","",D38),'Observations '!$E:$E,$I$3) -> 0 | J38: =COUNTIFS('Observations '!$G:$G,"*"&C38&"*",'Observations '!$H:$H,IF(D38="","",D38),'Observations '!$E:$E,$J$2)+COUNTIFS('Observations '!$G:$G,"*"&C38&"*",'Observations '!$H:$H,IF(D38="","",D38),'Observations '!$E:$E,$J$3) -> 0 | K38: =COUNTIFS('Observations '!$G:$G,"*"&C38&"*",'Observations '!$H:$H,IF(D38="","",D38),'Observations '!$E:$E,$K$2) -> 0 | L38: =SUM(I38:K38) -> 0
B39: 34 | C39: Asset PM Master | E39: =COUNTIFS('Observations '!$G:$G,"*"&C39&"*",'Observations '!$H:$H,IF(D39="","",D39),'Observations '!$D:$D,$E$2) -> 0 | F39: =COUNTIFS('Observations '!$G:$G,"*"&C39&"*",'Observations '!$H:$H,IF(D39="","",D39),'Observations '!$D:$D,$F$2)+COUNTIFS('Observations '!$G:$G,"*"&C39&"*",'Observations '!$H:$H,IF(D39="","",D39),'Observations '!$D:$D,$F$3) -> 3 | G39: =COUNTIFS('Observations '!$G:$G,"*"&C39&"*",'Observations '!$H:$H,IF(D39="","",D39),'Observations '!$D:$D,$G$2) -> 0 | H39: =L39-E39-F39-G39 -> 3 | I39: =COUNTIFS('Observations '!$G:$G,"*"&C39&"*",'Observations '!$H:$H,IF(D39="","",D39),'Observations '!$E:$E,$I$2)+COUNTIFS('Observations '!$G:$G,"*"&C39&"*",'Observations '!$H:$H,IF(D39="","",D39),'Observations '!$E:$E,$I$3) -> 6 | J39: =COUNTIFS('Observations '!$G:$G,"*"&C39&"*",'Observations '!$H:$H,IF(D39="","",D39),'Observations '!$E:$E,$J$2)+COUNTIFS('Observations '!$G:$G,"*"&C39&"*",'Observations '!$H:$H,IF(D39="","",D39),'Observations '!$E:$E,$J$3) -> 0 | K39: =COUNTIFS('Observations '!$G:$G,"*"&C39&"*",'Observations '!$H:$H,IF(D39="","",D39),'Observations '!$E:$E,$K$2) -> 0 | L39: =SUM(I39:K39) -> 6
B40: 35 | E40: =COUNTIFS('Observations '!$G:$G,"*"&C40&"*",'Observations '!$H:$H,IF(D40="","",D40),'Observations '!$D:$D,$E$2) -> 3 | F40: =COUNTIFS('Observations '!$G:$G,"*"&C40&"*",'Observations '!$H:$H,IF(D40="","",D40),'Observations '!$D:$D,$F$2)+COUNTIFS('Observations '!$G:$G,"*"&C40&"*",'Observations '!$H:$H,IF(D40="","",D40),'Observations '!$D:$D,$F$3) -> 18 | G40: =COUNTIFS('Observations '!$G:$G,"*"&C40&"*",'Observations '!$H:$H,IF(D40="","",D40),'Observations '!$D:$D,$G$2) -> 12 | H40: 0 | I40: =COUNTIFS('Observations '!$G:$G,"*"&C40&"*",'Observations '!$H:$H,IF(D40="","",D40),'Observations '!$E:$E,$I$2)+COUNTIFS('Observations '!$G:$G,"*"&C40&"*",'Observations '!$H:$H,IF(D40="","",D40),'Observations '!$E:$E,$I$3) -> 18 | J40: =COUNTIFS('Observations '!$G:$G,"*"&C40&"*",'Observations '!$H:$H,IF(D40="","",D40),'Observations '!$E:$E,$J$2)+COUNTIFS('Observations '!$G:$G,"*"&C40&"*",'Observations '!$H:$H,IF(D40="","",D40),'Observations '!$E:$E,$J$3) -> 12 | K40: =COUNTIFS('Observations '!$G:$G,"*"&C40&"*",'Observations '!$H:$H,IF(D40="","",D40),'Observations '!$E:$E,$K$2) -> 5 | L40: =SUM(I40:K40) -> 35
B41: 36 | C41: Configuration Maintenance | D41: Job plans | E41: =COUNTIFS('Observations '!$G:$G,"*"&C41&"*",'Observations '!$H:$H,IF(D41="","",D41),'Observations '!$D:$D,$E$2) -> 0 | F41: =COUNTIFS('Observations '!$G:$G,"*"&C41&"*",'Observations '!$H:$H,IF(D41="","",D41),'Observations '!$D:$D,$F$2)+COUNTIFS('Observations '!$G:$G,"*"&C41&"*",'Observations '!$H:$H,IF(D41="","",D41),'Observations '!$D:$D,$F$3) -> 1 | G41: =COUNTIFS('Observations '!$G:$G,"*"&C41&"*",'Observations '!$H:$H,IF(D41="","",D41),'Observations '!$D:$D,$G$2) -> 0 | H41: =L41-E41-F41-G41 -> 1 | I41: =COUNTIFS('Observations '!$G:$G,"*"&C41&"*",'Observations '!$H:$H,IF(D41="","",D41),'Observations '!$E:$E,$I$2)+COUNTIFS('Observations '!$G:$G,"*"&C41&"*",'Observations '!$H:$H,IF(D41="","",D41),'Observations '!$E:$E,$I$3) -> 0 | J41: =COUNTIFS('Observations '!$G:$G,"*"&C41&"*",'Observations '!$H:$H,IF(D41="","",D41),'Observations '!$E:$E,$J$2)+COUNTIFS('Observations '!$G:$G,"*"&C41&"*",'Observations '!$H:$H,IF(D41="","",D41),'Observations '!$E:$E,$J$3) -> 2 | K41: =COUNTIFS('Observations '!$G:$G,"*"&C41&"*",'Observations '!$H:$H,IF(D41="","",D41),'Observations '!$E:$E,$K$2) -> 0 | L41: =SUM(I41:K41) -> 2
B42: 37 | C42: General | D42: Labels, Screen/Form headings | E42: =COUNTIFS('Observations '!$G:$G,"*"&C42&"*",'Observations '!$H:$H,IF(D42="","",D42),'Observations '!$D:$D,$E$2) -> 0 | F42: =COUNTIFS('Observations '!$G:$G,"*"&C42&"*",'Observations '!$H:$H,IF(D42="","",D42),'Observations '!$D:$D,$F$2)+COUNTIFS('Observations '!$G:$G,"*"&C42&"*",'Observations '!$H:$H,IF(D42="","",D42),'Observations '!$D:$D,$F$3) -> 1 | G42: =COUNTIFS('Observations '!$G:$G,"*"&C42&"*",'Observations '!$H:$H,IF(D42="","",D42),'Observations '!$D:$D,$G$2) -> 0 | H42: =L42-E42-F42-G42 -> 0 | I42: =COUNTIFS('Observations '!$G:$G,"*"&C42&"*",'Observations '!$H:$H,IF(D42="","",D42),'Observations '!$E:$E,$I$2)+COUNTIFS('Observations '!$G:$G,"*"&C42&"*",'Observations '!$H:$H,IF(D42="","",D42),'Observations '!$E:$E,$I$3) -> 0 | J42: =COUNTIFS('Observations '!$G:$G,"*"&C42&"*",'Observations '!$H:$H,IF(D42="","",D42),'Observations '!$E:$E,$J$2)+COUNTIFS('Observations '!$G:$G,"*"&C42&"*",'Observations '!$H:$H,IF(D42="","",D42),'Observations '!$E:$E,$J$3) -> 0 | K42: =COUNTIFS('Observations '!$G:$G,"*"&C42&"*",'Observations '!$H:$H,IF(D42="","",D42),'Observations '!$E:$E,$K$2) -> 1 | L42: =SUM(I42:K42) -> 1
B43: 38 | C43: Checklist | E43: =COUNTIFS('Observations '!$G:$G,"*"&C43&"*",'Observations '!$H:$H,IF(D43="","",D43),'Observations '!$D:$D,$E$2) -> 0 | F43: =COUNTIFS('Observations '!$G:$G,"*"&C43&"*",'Observations '!$H:$H,IF(D43="","",D43),'Observations '!$D:$D,$F$2)+COUNTIFS('Observations '!$G:$G,"*"&C43&"*",'Observations '!$H:$H,IF(D43="","",D43),'Observations '!$D:$D,$F$3) -> 1 | G43: =COUNTIFS('Observations '!$G:$G,"*"&C43&"*",'Observations '!$H:$H,IF(D43="","",D43),'Observations '!$D:$D,$G$2) -> 0 | H43: =L43-E43-F43-G43 -> 1 | I43: =COUNTIFS('Observations '!$G:$G,"*"&C43&"*",'Observations '!$H:$H,IF(D43="","",D43),'Observations '!$E:$E,$I$2)+COUNTIFS('Observations '!$G:$G,"*"&C43&"*",'Observations '!$H:$H,IF(D43="","",D43),'Observations '!$E:$E,$I$3) -> 2 | J43: =COUNTIFS('Observations '!$G:$G,"*"&C43&"*",'Observations '!$H:$H,IF(D43="","",D43),'Observations '!$E:$E,$J$2)+COUNTIFS('Observations '!$G:$G,"*"&C43&"*",'Observations '!$H:$H,IF(D43="","",D43),'Observations '!$E:$E,$J$3) -> 0 | K43: =COUNTIFS('Observations '!$G:$G,"*"&C43&"*",'Observations '!$H:$H,IF(D43="","",D43),'Observations '!$E:$E,$K$2) -> 0 | L43: =SUM(I43:K43) -> 2
B44: 39 | C44: Master Preventive Maintenance Plan | E44: 0 | F44: =COUNTIFS('Observations '!$G:$G,"*"&C44&"*",'Observations '!$H:$H,IF(D44="","",D44),'Observations '!$D:$D,$F$2)+COUNTIFS('Observations '!$G:$G,"*"&C44&"*",'Observations '!$H:$H,IF(D44="","",D44),'Observations '!$D:$D,$F$3) -> 1 | G44: =COUNTIFS('Observations '!$G:$G,"*"&C44&"*",'Observations '!$H:$H,IF(D44="","",D44),'Observations '!$D:$D,$G$2) -> 0 | H44: =L44-E44-F44-G44 -> 1 | I44: =COUNTIFS('Observations '!$G:$G,"*"&C44&"*",'Observations '!$H:$H,IF(D44="","",D44),'Observations '!$E:$E,$I$2)+COUNTIFS('Observations '!$G:$G,"*"&C44&"*",'Observations '!$H:$H,IF(D44="","",D44),'Observations '!$E:$E,$I$3) -> 2 | J44: =COUNTIFS('Observations '!$G:$G,"*"&C44&"*",'Observations '!$H:$H,IF(D44="","",D44),'Observations '!$E:$E,$J$2)+COUNTIFS('Observations '!$G:$G,"*"&C44&"*",'Observations '!$H:$H,IF(D44="","",D44),'Observations '!$E:$E,$J$3) -> 0 | K44: =COUNTIFS('Observations '!$G:$G,"*"&C44&"*",'Observations '!$H:$H,IF(D44="","",D44),'Observations '!$E:$E,$K$2) -> 0 | L44: =SUM(I44:K44) -> 2
B45: 40 | C45: PTW dashboard | E45: 0 | F45: =COUNTIFS('Observations '!$G:$G,"*"&C45&"*",'Observations '!$H:$H,IF(D45="","",D45),'Observations '!$D:$D,$F$2)+COUNTIFS('Observations '!$G:$G,"*"&C45&"*",'Observations '!$H:$H,IF(D45="","",D45),'Observations '!$D:$D,$F$3) -> 0 | G45: =COUNTIFS('Observations '!$G:$G,"*"&C45&"*",'Observations '!$H:$H,IF(D45="","",D45),'Observations '!$D:$D,$G$2) -> 0 | H45: =L45-E45-F45-G45 -> 0 | I45: =COUNTIFS('Observations '!$G:$G,"*"&C45&"*",'Observations '!$H:$H,IF(D45="","",D45),'Observations '!$E:$E,$I$2)+COUNTIFS('Observations '!$G:$G,"*"&C45&"*",'Observations '!$H:$H,IF(D45="","",D45),'Observations '!$E:$E,$I$3) -> 0 | J45: =COUNTIFS('Observations '!$G:$G,"*"&C45&"*",'Observations '!$H:$H,IF(D45="","",D45),'Observations '!$E:$E,$J$2)+COUNTIFS('Observations '!$G:$G,"*"&C45&"*",'Observations '!$H:$H,IF(D45="","",D45),'Observations '!$E:$E,$J$3) -> 0 | K45: =COUNTIFS('Observations '!$G:$G,"*"&C45&"*",'Observations '!$H:$H,IF(D45="","",D45),'Observations '!$E:$E,$K$2) -> 0 | L45: =SUM(I45:K45) -> 0
B46: 41 | C46: Config Assets | D46: Trainset Meter measurements | E46: 0 | F46: =COUNTIFS('Observations '!$G:$G,"*"&C46&"*",'Observations '!$H:$H,IF(D46="","",D46),'Observations '!$D:$D,$F$2)+COUNTIFS('Observations '!$G:$G,"*"&C46&"*",'Observations '!$H:$H,IF(D46="","",D46),'Observations '!$D:$D,$F$3) -> 0 | G46: =COUNTIFS('Observations '!$G:$G,"*"&C46&"*",'Observations '!$H:$H,IF(D46="","",D46),'Observations '!$D:$D,$G$2) -> 1 | H46: =L46-E46-F46-G46 -> -1 | I46: =COUNTIFS('Observations '!$G:$G,"*"&C46&"*",'Observations '!$H:$H,IF(D46="","",D46),'Observations '!$E:$E,$I$2)+COUNTIFS('Observations '!$G:$G,"*"&C46&"*",'Observations '!$H:$H,IF(D46="","",D46),'Observations '!$E:$E,$I$3) -> 0 | J46: =COUNTIFS('Observations '!$G:$G,"*"&C46&"*",'Observations '!$H:$H,IF(D46="","",D46),'Observations '!$E:$E,$J$2)+COUNTIFS('Observations '!$G:$G,"*"&C46&"*",'Observations '!$H:$H,IF(D46="","",D46),'Observations '!$E:$E,$J$3) -> 0 | K46: =COUNTIFS('Observations '!$G:$G,"*"&C46&"*",'Observations '!$H:$H,IF(D46="","",D46),'Observations '!$E:$E,$K$2) -> 0 | L46: =SUM(I46:K46) -> 0
B47: 42 | C47: Config Users | D47: Users | E47: 0 | F47: =COUNTIFS('Observations '!$G:$G,"*"&C47&"*",'Observations '!$H:$H,IF(D47="","",D47),'Observations '!$D:$D,$F$2)+COUNTIFS('Observations '!$G:$G,"*"&C47&"*",'Observations '!$H:$H,IF(D47="","",D47),'Observations '!$D:$D,$F$3) -> 0 | G47: =COUNTIFS('Observations '!$G:$G,"*"&C47&"*",'Observations '!$H:$H,IF(D47="","",D47),'Observations '!$D:$D,$G$2) -> 2 | H47: =L47-E47-F47-G47 -> -2 | I47: =COUNTIFS('Observations '!$G:$G,"*"&C47&"*",'Observations '!$H:$H,IF(D47="","",D47),'Observations '!$E:$E,$I$2)+COUNTIFS('Observations '!$G:$G,"*"&C47&"*",'Observations '!$H:$H,IF(D47="","",D47),'Observations '!$E:$E,$I$3) -> 0 | J47: =COUNTIFS('Observations '!$G:$G,"*"&C47&"*",'Observations '!$H:$H,IF(D47="","",D47),'Observations '!$E:$E,$J$2)+COUNTIFS('Observations '!$G:$G,"*"&C47&"*",'Observations '!$H:$H,IF(D47="","",D47),'Observations '!$E:$E,$J$3) -> 0 | K47: =COUNTIFS('Observations '!$G:$G,"*"&C47&"*",'Observations '!$H:$H,IF(D47="","",D47),'Observations '!$E:$E,$K$2) -> 0 | L47: =SUM(I47:K47) -> 0
B48: 43 | C48: Config Setup | D48: Locations | E48: 0 | F48: =COUNTIFS('Observations '!$G:$G,"*"&C48&"*",'Observations '!$H:$H,IF(D48="","",D48),'Observations '!$D:$D,$F$2)+COUNTIFS('Observations '!$G:$G,"*"&C48&"*",'Observations '!$H:$H,IF(D48="","",D48),'Observations '!$D:$D,$F$3) -> 0 | G48: =COUNTIFS('Observations '!$G:$G,"*"&C48&"*",'Observations '!$H:$H,IF(D48="","",D48),'Observations '!$D:$D,$G$2) -> 1 | H48: =L48-E48-F48-G48 -> -1 | I48: =COUNTIFS('Observations '!$G:$G,"*"&C48&"*",'Observations '!$H:$H,IF(D48="","",D48),'Observations '!$E:$E,$I$2)+COUNTIFS('Observations '!$G:$G,"*"&C48&"*",'Observations '!$H:$H,IF(D48="","",D48),'Observations '!$E:$E,$I$3) -> 0 | J48: =COUNTIFS('Observations '!$G:$G,"*"&C48&"*",'Observations '!$H:$H,IF(D48="","",D48),'Observations '!$E:$E,$J$2)+COUNTIFS('Observations '!$G:$G,"*"&C48&"*",'Observations '!$H:$H,IF(D48="","",D48),'Observations '!$E:$E,$J$3) -> 0 | K48: =COUNTIFS('Observations '!$G:$G,"*"&C48&"*",'Observations '!$H:$H,IF(D48="","",D48),'Observations '!$E:$E,$K$2) -> 0 | L48: =SUM(I48:K48) -> 0
B49: 44 | C49: Maintenance & Shop | D49: Fitness Certificate | E49: 0 | F49: =COUNTIFS('Observations '!$G:$G,"*"&C49&"*",'Observations '!$H:$H,IF(D49="","",D49),'Observations '!$D:$D,$F$2)+COUNTIFS('Observations '!$G:$G,"*"&C49&"*",'Observations '!$H:$H,IF(D49="","",D49),'Observations '!$D:$D,$F$3) -> 0 | G49: =COUNTIFS('Observations '!$G:$G,"*"&C49&"*",'Observations '!$H:$H,IF(D49="","",D49),'Observations '!$D:$D,$G$2) -> 0 | H49: =L49-E49-F49-G49 -> 0 | I49: =COUNTIFS('Observations '!$G:$G,"*"&C49&"*",'Observations '!$H:$H,IF(D49="","",D49),'Observations '!$E:$E,$I$2)+COUNTIFS('Observations '!$G:$G,"*"&C49&"*",'Observations '!$H:$H,IF(D49="","",D49),'Observations '!$E:$E,$I$3) -> 0 | J49: =COUNTIFS('Observations '!$G:$G,"*"&C49&"*",'Observations '!$H:$H,IF(D49="","",D49),'Observations '!$E:$E,$J$2)+COUNTIFS('Observations '!$G:$G,"*"&C49&"*",'Observations '!$H:$H,IF(D49="","",D49),'Observations '!$E:$E,$J$3) -> 0 | K49: =COUNTIFS('Observations '!$G:$G,"*"&C49&"*",'Observations '!$H:$H,IF(D49="","",D49),'Observations '!$E:$E,$K$2) -> 0 | L49: =SUM(I49:K49) -> 0
C52: GRAND TOTAL | E52: =SUM(E6:E49) -> 17 | F52: =SUM(F6:F49) -> 55 | G52: =SUM(G6:G49) -> 31 | H52: =SUM(H6:H49) -> 18 | I52: =SUM(I6:I49) -> 60 | J52: =SUM(J6:J49) -> 46 | K52: =SUM(K6:K49) -> 17 | L52: =SUM(L6:L49) -> 123

Sheet Observations 
A1: S.No | B1: Recorded Date | C1: Source of person/review/test | D1: Category Bug/Productization/New/Edit/Bug | E1: Priority | F1: Complexity | G1: Menu Item | H1: Sub Menu Item | I1: Status | J1: Issue Noted | K1: Developer Remarks | L1: Remarks | M1: Status
A2: 1 | B2: 46028 | C2: Test | D2: Bug | E2: Low | F2: VL | G2: Dashboard | H2: SR | I2: To be taken up | J2: 1) System down color is in green color 2) Color changes required | K2: UI Changes Need to change for red/suitable -(Is system allows to change color legends?) | M2: To be taken up
A3: 2 | B3: 46028 | C3: Test | D3: Bug | E3: High | F3: VL | G3: Dashboard | H3: PTW | I3: To be taken up | J3: Permit by - Purpose - Pie chart | K3: Lable to be corrected. Values are not coming | L3: Can be modified with lable names to be corrected to showing results and to populated correctly | M3: To be taken up
A4: 3 | B4: 46028 | C4: Test | D4: Bug | E4: High | F4: VL | G4: Dashboard | H4: UES | I4: To be taken up | J4: Partciapation | K4: To be corrected (spell correction) | L4: Independent spelling correction required - Independent | M4: To be taken up
A5: 4 | B5: 46028 | C5: Test | D5: Enahancement (Productization) | E5: Low | F5: High | G5: Dashboard | H5: UES | I5: To be taken up | J5: Make Lov | K5: Currently showing all makes in the dropdown. Only related makes for the asset should be poplulated. Nice to have - Required more more discussion | L5: Filter missed, Showing all makes | M5: To be taken up
A6: 5 | B6: 46028 | C6: Test | D6: Bug | E6: High | F6: Low | G6: Maintenance Shop | H6: Meter Rollovers | I6: To be taken up | J6: 404 | K6: Delete from the menu | L6: Showing 404 Error | M6: To be taken up
A7: 6 | B7: 46028 | C7: Test | D7: Bug | E7: High | F7: Low | G7: Maintenance Shop | H7: Meter Replacements | I7: To be taken up | J7: 404 | K7: Delete from the menu | L7: Showing 404 Error | M7: To be taken up
A8: 7 | B8: 46028 | C8: Test | D8: Bug | E8: High | F8: Low | G8: Maintenance Shop | H8: Meter replacement | I8: To be taken up | J8: 404 error | K8: Delete from the menu | L8: Not required | M8: To be taken up
A9: 8 | B9: 46028 | C9: Test | D9: Bug | E9: High | F9: Low | G9: Maintenance Shop | H9: Meter rollover | I9: To be taken up | J9: 404 error | K9: Delete from the menu | L9: Not required | M9: To be taken up
A10: 9 | B10: 46028 | C10: Test | D10: Bug | E10: High | F10: Low | G10: Scheduled jobs | H10: Work orders | I10: To be taken up | J10: 404 error | K10: Delete from the menu | L10: Not required | M10: To be taken up
A11: 10 | B11: 46028 | C11: Test | D11: Bug | E11: High | F11: Low | G11: Config Policies | H11: Password | I11: To be taken up | J11: 404 error | K11: Delete from the menu | L11: Not required | M11: To be taken up
A12: 11 | B12: 46028 | C12: Test | D12: Bug | E12: High | F12: Low | G12: Config Policies | H12: Notification | I12: To be taken up | J12: 404 error | K12: Delete from the menu | L12: Not required | M12: To be taken up
A13: 12 | B13: 46028 | C13: Test | D13: Bug | E13: High | F13: Low | G13: Config Policies | H13: PM generation | I13: To be taken up | J13: 404 error | K13: Delete from the menu | L13: Not required | M13: To be taken up
A14: 13 | B14: 46028 | C14: Test | D14: Enhancements | E14: Medium | F14: M | G14: Config Assets | H14: Asset types | I14: To be taken up | J14: Custodian Units | K14: Required clarifications - To be debated | L14: Custodian unit lable change to Dept | M14: To be taken up
A15: 14 | B15: 46028 | C15: Test | D15: Enhancements | E15: Medium | F15: High | G15: Config Assets | H15: Material Types | I15: Need to study | J15: Material types | K15: Required clarifications - To be debated - UOM list to be collected with full forms | L15: Clarification given | M15: Need to study
A16: 15 | B16: 46028 | C16: Test | D16: Enhancements | E16: Medium | F16: Low | G16: Config Assets | H16: Meter Types | I16: Need to study | J16: Meter types | K16: Required clarifications - To be debated - Need to be corrected (Label names) Part names… | L16: Clarification required | M16: Need to study
A17: 16 | B17: 46028 | C17: Test | D17: Enhancements | E17: Low | F17: M | G17: Config Assets | H17: Meter Types | I17: To be taken up | J17: 1) Unable to Add New 2) Edit missed | L17: Need review on this | M17: To be taken up
A18: 17 | B18: 46049 | C18: Test | D18: Enhancements | E18: Medium | F18: High | G18: General | I18: To be taken up | J18: Make autoreduction can be done while searching | K18: Need to verify auto reduction for all screens, Make autoreduction can be done while searching | M18: To be taken up
A19: 18 | B19: 46049 | C19: Test | D19: Enhancements | E19: Low | F19: VL | G19: General | I19: To be taken up | J19: Notation required (Add, New etc.,) | K19: Need to verify on the screen | L19: Need review | M19: To be taken up
A20: 19 | B20: 46049 | C20: Test | D20: Enhancements | E20: Medium | G20: Schedule types | I20: To be taken up | J20: CRUD | K20: CRUD | M20: To be taken up
A21: 20 | B21: 46049 | C21: Test | D21: Enhancements | E21: Medium | G21: Sections | I21: To be taken up | J21: CRUD | K21: CRUD | M21: To be taken up
A22: 21 | B22: 46028 | C22: Test | D22: Enhancements | E22: High | F22: High | G22: Configuration Maintenance | H22: MMP | I22: Need to study | J22: Usage frequency (No of hours) | L22: New Feature Required - Need discussion | M22: Need to study
A23: 22 | B23: 46028 | C23: Test | D23: Enhancements | E23: Low | F23: VH | G23: Config Setup | H23: Master Workflows | I23: Need to study | J23: Master workflows ??? | K23: Nice to have- To be debated | L23: NA | M23: Need to study
A24: 23 | B24: 46028 | C24: Test | D24: Enhancements | E24: Medium | F24: High | G24: Config Assets | H24: Asset types | I24: Need to study | J24: Unable tp add Specifications /Attachments/Notes | K24: Need to discuss and fulfill the funactionality | M24: Need to study
A25: 24 | B25: 46028 | C25: Test | D25: Enhancements | E25: Medium | F25: High | G25: Config Assets | H25: Asset types | I25: Need to study | J25: Models | K25: Need to discuss and fulfill the funactionality | M25: Need to study
A26: 25 | B26: 46028 | C26: Test | D26: Enahancement (Productization) | E26: Low | F26: High | G26: Config Assets | H26: Car Asset Layout | I26: To be done as a another asset type | J26: Car Assets | L26: "No Add" feature in Front End | M26: To be done as a another asset type
A27: 26 | B27: 46028 | C27: Test | D27: Enahancement (Productization) | E27: Low | F27: High | G27: Config Assets | H27: Car types | I27: To be done as a another asset type | J27: Car types | L27: "No Add" feature in Front End | M27: To be done as a another asset type
A28: 27 | B28: 46028 | C28: Test | D28: Enahancement (Productization) | E28: Low | F28: High | G28: Config Assets | H28: Trainset types | I28: To be done as a another asset type | J28: Train Sets | L28: "No Add" feature in Front End | M28: To be done as a another asset type
A29: 28 | B29: 46028 | C29: Test | D29: Enahancement (Productization) | E29: Low | F29: High | G29: Config Assets | H29: Trainset types | I29: To be done as a another asset type | J29: Trainset types | L29: No Add feature in Front End | M29: To be done as a another asset type
A30: 29 | B30: 46049 | C30: Test | D30: Enahancement (Productization) | E30: High | F30: High | G30: Asset/make/Model vs Sch types | H30: Association of Schedules not only based on asset types, but also based on make and model | I30: To be analyzed the impact and feasibility | J30: If trainset defers what can do | K30: Make, model commbination required | L30: Make, model commbination required | M30: To be analyzed the impact and feasibility
A31: 30 | B31: 46049 | C31: Test | D31: Enahancement (Productization) | E31: Low | F31: High | G31: Job plan Checklist | H31: based on AT make and model - if situation demands | I31: To be analyzed the impact and feasibility | M31: To be analyzed the impact and feasibility
A32: 31 | B32: 46049 | C32: Test | D32: Enahancement (Productization) | E32: Low | F32: High | G32: Engineering sections (Sub units/Depts) | I32: To be studied and add ational things prior to implementation | J32: Verify/Explore - How to map/associate related activities of each eng section of a job plan activities | K32: Verify/Explore - How to map/associate related activities of each eng section of a job plan activities | M32: To be studied and add ational things prior to implementation
A33: 32 | B33: 46049 | C33: Test | D33: Enahancement (Productization) | E33: Low | F33: High | G33: Landscape (Identify impacted landscapes) | I33: To be studied further | J33: Landscape defeinition based on make and model of trainset | K33: Landscape defeinition based on make and model of trainset | M33: To be studied further
A34: 33 | B34: 46049 | C34: Test | D34: Enahancement (Productization) | E34: Low | F34: High | G34: Fault codes | I34: To be studied | J34: Unable to add System - sub system | M34: To be studied
A35: 34 | B35: 46062 | C35: Test | D35: Enahancement (Productization) | E35: NA | G35: Functional Units | I35: To be analyzed | J35: Hirechay view should be changed.(LTMRHLHO & LTMRHLCO)why divided into two parts | L35: Need more discussion | M35: To be analyzed
A36: 35 | B36: 46062 | C36: Test | D36: Bug | E36: High | F36: VL | G36: PTW screen | I36: To be taken up | J36: Fire premit spelling should be changed to fire permit | K36: To be corrected (spell correction) | L36: Need to review | M36: To be taken up
A37: 36 | B37: 46062 | C37: Test | D37: Bug | E37: Low | F37: VL | G37: Schedule types | I37: To be taken up | J37: In landing screen sorting is not working. | L37: Need to review and fix it | M37: To be taken up
A38: 37 | B38: 46062 | C38: Test | D38: Enhancements | E38: Low | G38: Job Plan | I38: To be taken up | J38: In actions(edit) --what is add time --Change the name add time to add item or just add | K38: Change button caption from "Add time" to "Add" | L38: Need to review and fix it | M38: To be taken up
A39: 38 | B39: 46062 | C39: Test | D39: Bug | E39: Medium | F39: VL | G39: Checksheet | I39: To be taken up | J39: Checklist -- In landing screen showing name as checklist but in submenu showing as checksheet | L39: Need clarifications | M39: To be taken up
A40: 39 | B40: 46062 | C40: Test | D40: Clarification | E40: NA | G40: Checksheet | I40: To be studied | J40: Sub department (permissions)-who and what should be updated | L40: Need clarifications | M40: To be studied
A41: 40 | B41: 46062 | C41: Test | D41: Clarification | E41: NA | G41: Master Maintenance plan | J41: Safety plans are associated with which screen and how | L41: Clarification and understanding required
A42: 41 | B42: 46062 | C42: Test | D42: Clarification | E42: NA | G42: WORKORDER | I42: To be studied | J42: Before approval-execution, material, checksheets, meters tabs are not required after approval only this tabs can be done. | K42: Editing of those tabs are only during the work order execution only | L42: Need clarifications | M42: To be studied
A43: 42 | B43: 46080 | C43: Test | D43: Enhancements | E43: High | F43: High | G43: Asset PM Master | I43: To be taken up | J43: Cycle modification required -Dynamic (With Sliding of next schedule ) | L43: With Sliding of next schedule ) - Planning & Schedule | M43: To be taken up
A44: 43 | B44: 46080 | C44: Test | D44: Enhancements | E44: High | F44: High | G44: Asset PM Master | I44: To be taken up | J44: Add Working hours provision required | M44: To be taken up
A45: 44 | B45: 46080 | C45: Test | D45: Enhancements | E45: High | F45: High | G45: Asset PM Master | I45: To be taken up | J45: Delete option required for as required for correction | K45: Logical deletion | L45: Logical deletion | M45: To be taken up
A46: 45 | C46: Satyanand | D46: Bug | I46: Need to study | J46: Delettion of assets from Asset register | K46: Client Requirements - need to be discussed | M46: Need to study
A47: 46 | C47: Satyanand | D47: Enhancements | E47: HIGH | F47: HIGH | I47: To be taken up | J47: RST hierarchy | K47: Client Requirements - need to be discussed | M47: To be taken up
A48: 47 | C48: Satyanand | D48: Enhancements | E48: HIGH | F48: HIGH | I48: To be taken up | J48: Other depts hierarchy | K48: Client Requirements - need to be discussed | M48: To be taken up
A49: 48 | C49: Satyanand | D49: Bug | I49: To be taken up after the collection of probable vendor names | J49: Vendor - Unable to add vendor name , if we reduce the name to Grund it is accepting . kindly resolve the Asap | K49: Client Requirements - need to be discussed | M49: To be taken up after the collection of probable vendor names
A50: 49 | C50: Satyanand | D50: Enhancements | E50: HIGH | F50: HIGH | I50: To be discussed and taken up | J50: dispose/Condemn | K50: Client Requirements - need to be discussed | M50: To be discussed and taken up
A51: 50 | C51: Satyanand | D51: Enhancements | E51: LOW | F51: HIGH | I51: To be studied | J51: RAP module | K51: Client Requirements - need to be discussed | M51: To be studied
A52: 51 | B52: 46028 | C52: Test | D52: Enahancement (Productization) | E52: Low | F52: M | G52: Configuration Maintenance | H52: Job plans | I52: WIP | J52: Sch types - Checklist | K52: New requirement | L52: Clarification required | M52: WIP
A53: 52 | B53: 46049 | C53: Test | D53: Enahancement (Productization) | E53: Medium | F53: Low | G53: General | H53: Labels, Screen/Form headings | I53: WIP | J53: Can make user definable change(Multi lingual) | M53: WIP
A54: 53 | B54: 46049 | C54: Test | D54: Enhancements | E54: High | G54: Checklist | I54: WIP | J54: Add new check list | K54: Add new check list | M54: WIP
A55: 54 | B55: 46049 | C55: Test | D55: Enhancements | E55: High | F55: High | G55: Master Preventive Maintenance Plan | I55: WIP | J55: Need to show shcedule maintenance cycle plan for assets | L55: Need review | M55: WIP
A56: 55 | B56: 46062 | C56: Test | D56: Enhancements | E56: Medium | G56: Checksheet | I56: WIP | J56: Mandatory fields to be defined | L56: Need to review | M56: WIP
A57: 56 | B57: 46062 | C57: Test | D57: Enahancement (Productization) | E57: High | F57: M | G57: Master Maintenance plan | I57: WIP | J57: Asset type list dropdown is right or wrong need clarification | L57: Need clarifications | M57: WIP
A58: 57 | B58: 46062 | C58: Test | D58: No Change Required | E58: NA | G58: Master Maintenance plan | I58: WIP | J58: For all asset types how to generate pattern | K58: Only for one asset can be generated | L58: Need to review | M58: WIP
A59: 58 | B59: 46062 | C59: Test | D59: Enahancement (Productization) | E59: High | F59: M | G59: Master Maintenance plan | I59: WIP | J59: Category list showing all categories (should show depending on asset type) | L59: Need to review and fix it | M59: WIP
A60: 59 | C60: Satyanand | D60: Enhancements | E60: HIGH | F60: HIGH | I60: WIP | J60: MMS | K60: Client Requirements - need to be discussed | M60: WIP
A61: 60 | B61: 46062 | C61: Test | D61: Clarification | E61: NA | G61: Master Maintenance plan | I61: Closed | J61: Does asset type has schedule cycle or not | K61: Assets and routes has schedule cycles | L61: Need clarifications | M61: Closed
A62: 61 | B62: 46062 | C62: Test | D62: Clarification | E62: NA | G62: Master Maintenance plan | I62: Closed | J62: Clarifcation for asset type & category LOV -required flags should be shown | K62: Need to review | L62: Need to review | M62: Closed
A63: 62 | B63: 46062 | C63: Test | D63: Clarification | E63: NA | G63: Master Maintenance plan | I63: Closed | J63: Asset type,category,scheduletype,safety plan, job plan | L63: Clarification and understanding required | M63: Closed
A64: 63 | B64: 46062 | C64: Test | D64: Clarification | G64: Schedule types | I64: Closed | J64: what is reliability enhancing program | L64: Clarification eceived | M64: Closed
A65: 64 | B65: 46062 | C65: Test | D65: Clarification | E65: NA | G65: Job Plan | I65: Closed | J65: Landing screen -- schedule list is showing only 37 Types .Why? | K65: Need to verify | L65: Clarification eceived | M65: Closed
A66: 65 | B66: 46062 | C66: Test | D66: Clarification | E66: NA | G66: Job Plan | I66: Closed | J66: Schedules-By what basis this list is defined | K66: Need to verify | L66: Clarification eceived | M66: Closed
A67: 66 | B67: 46062 | C67: Test | D67: Clarification | G67: Job Plan | I67: Closed | J67: What is MN-- why it is dfined in shortcut in LOV also make the list values in Shortcut | K67: ` | L67: Clarification eceived | M67: Closed
A68: 67 | B68: 46062 | C68: Test | D68: No Change Required | E68: NA | G68: PTW dashboard | I68: Closed | J68: Permit by purpose to" type of permit " | K68: No Change required | L68: No Change required | M68: Closed
A69: 68 | B69: 46062 | C69: Test | D69: Clarification | E69: NA | G69: Schedule types | I69: Closed | J69: There are total 77 types but in screens showing only 37 Types .Why? | K69: Relative schedule types are showing | L69: Clarification eceived | M69: Closed
A70: 69 | B70: 46062 | C70: Test | D70: Clarification | E70: NA | G70: Schedule types | I70: Closed | J70: In service it is showing House keeping , whereas house keeping itself has been defined as one of the type | L70: Clarification eceived | M70: Closed
A71: 70 | B71: 46028 | C71: Test | D71: Clarification | E71: NA | G71: Config Assets | H71: Trainset Meter measurements | I71: Closed | L71: Clarification required | M71: Closed
A72: 71 | B72: 46028 | C72: Test | D72: Clarification | E72: NA | G72: Config Users | H72: Users | I72: Closed | J72: Primary role | L72: Clarification required | M72: Closed
A73: 72 | B73: 46028 | C73: Test | D73: Clarification | E73: NA | G73: Config Users | H73: Users | I73: Closed | J73: Secondary role | L73: Clarification required | M73: Closed
A74: 73 | B74: 46028 | C74: Test | D74: Clarification | E74: NA | G74: Config Assets | H74: Meter Types | I74: Closed | J74: Reading Type | K74: Reading Type - DELTA, Actual | L74: Required clarifications | M74: Closed
A75: 74 | B75: 46028 | C75: Test | D75: Enhancements | E75: Medium | G75: Config Assets | H75: Asset types | I75: Closed | J75: Asset Functional category | K75: Required clarifications | L75: Clarification given | M75: Closed
A76: 75 | B76: 46028 | C76: Test | D76: Clarification | E76: NA | G76: Config Setup | H76: Locations | I76: Closed | J76: Locations | L76: ??? - Required clarifications (parent, parent code, site…etc) | M76: Closed
A77: 76 | B77: 46028 | C77: Test | D77: Clarification | E77: NA | G77: Config Assets | H77: Asset types | I77: Closed | J77: Groups | L77: ??? - Required clarifications (Assembly, Linear,Group,..etc ) | M77: Closed
A78: 77 | B78: 46028 | C78: Test | D78: No Change Required | E78: NA | G78: Dashboard | H78: SR | I78: Closed | J78: Is Re-Open feature availavble | K78: Feaure is not available, and this feature is not required. | L78: Need to verify | M78: Closed
A79: 78 | B79: 46028 | C79: Test | D79: No Change Required | E79: NA | G79: Dashboard | H79: SR | I79: Closed | J79: Can SR route with another Dept | K79: User can route SR from one dept. to another dept. | L79: Need to verify | M79: Closed
A80: 79 | B80: 46028 | C80: Test | D80: Clarification | E80: NA | G80: Dashboard | H80: UES | I80: Closed | J80: What is Assembly and Component | K80: Clarification received | L80: Clarification received | M80: Closed
A81: 80 | B81: 46062 | C81: Test | D81: Enahancement (Productization) | E81: High | F81: High | G81: Master Maintenance plan | I81: Repeated | J81: operational hours --make,model | L81: Need to review and fix it | M81: Repeated
A82: 81 | D82: Identification of product setup data | E82: High | F82: Med | I82: To be taken up | J82: List out tables and lookup values which are used for the funcationality implementation or business logic implementation | M82: To be taken up
A83: 82 | D83: Purging | I83: To be taken up | J83: identify tables to be purged periodically
A84: 83 | D84: Archeiving | I84: To be taken up | J84: identify tables to be archieved periodically
A85: 84 | D85: Landscape - New asset position creation | E85: High | F85: H | I85: TO be Tested | M85: TO be Tested
A86: 85 | D86: Landscape - New asset type addition | E86: Medium | F86: H | I86: TO be Tested | M86: TO be Tested
A87: 86 | D87: Data loading through excel imports | M87: Requirements not yet Finalised
A88: 87 | D88: Pm on fixed dates | I88: Requirements not yet Finalised | M88: Requirements not yet Finalised
A89: 88 | D89: verify created by and updated by | J89: ??
A90: 102
A91: 103
A92: 104 | G92: Maintenance & Shop | H92: Fitness Certificate | J92: 404 error
A93: 105
A94: 106
A95: 107
A96: 108
A97: 109
A98: 110
A99: 111
A100: 112
...

Sheet EditableNon Editable 
A1: S.No | B1: Menu | C1: Submenu | D1: Editable | E1: Non Editable | F1: Remarks | G1: Priority | H1: Editable Fields
A2: 1 | B2: Configuration Setup | C2: Organisations | D2: No | E2: Yes | F2: There is no edit option to update the details
A3: 2 | B3: Configuration Setup | C3: Functional Units | D3: No | E3: Yes | F3: There is no edit option to update the details
A4: 3 | B4: Configuration Setup | C4: Designation | D4: No | E4: Yes | F4: There is no edit option to update the details
A5: 4 | B5: Configuration Setup | C5: Workflow Master | F5: Unable to show details while clicking search filter it is showing error message --- Http failure response for http://192.168.14.61/services/workflowService/api/workflow/get-workflow-template-list: 500 Internal Server Error
A6: 5 | B6: Configuration Asset | C6: Meter Types | D6: No | E6: Yes | F6: There is no edit option to update the details
A7: 6 | B7: Configuration Asset | C7: Car Types | D7: No | E7: Yes | F7: There is no edit option to update the details
A8: 7 | B8: Configuration Asset | C8: Trainset Types | D8: No | E8: Yes | F8: There is no edit option to update the details
A9: 8 | B9: Configuration Users | C9: Staff | F9: In staff landing screen there are two options to edit and it is navigating to same screens -- 1. edit option , 2. Hyperlink on staff number
A10: 9 | B10: Configuration Maintenance | C10: Schedule Types | D10: No | E10: Yes | F10: There is no edit option to update the details
A11: 10 | B11: Configuration Maintenance | C11: Checklists | D11: Yes | E11: No | F11: In submenu list name is showing as checklists, when opened it is showing as check sheets
A12: 11 | B12: Asset Register | C12: Assets | F12: In ASSETS landing screen there are two options to edit and it is navigating to same screens -- 1. edit option , 2. Hyperlink on staff number
A13: 12 | B13: Asset Register | C13: Asset routes | F13: What is use of select ?? Edit option can be without selecting also then what is the use of select option.
A14: 13 | B14: Maintenance Shop | C14: Meter Measurements | D14: No | E14: Yes | F14: There is no edit option to update the details
A15: 14 | B15: Maintenance Shop | C15: Assets under monitoring | D15: No | E15: Yes | F15: There is no edit option to update the details
A16: 15 | B16: Service Requests | C16: Service Request | F16: In SR landing screen there are two options to edit and it is navigating to same screens -- 1. edit option , 2. Hyperlink on staff number
